"Index","MDAXI.Close"
"2010-01-04",7676.649902
"2010-01-05",7745.430176
"2010-01-06",7784.410156
"2010-01-07",7839.069824
"2010-01-08",7903.439941
"2010-01-11",7919.970215
"2010-01-12",7781.52002
"2010-01-13",7856.009766
"2010-01-14",7945.22998
"2010-01-15",7846.540039
"2010-01-18",7899.209961
"2010-01-19",7889.910156
"2010-01-20",7750.299805
"2010-01-21",7647.540039
"2010-01-22",7539.330078
"2010-01-25",7548.97998
"2010-01-26",7557
"2010-01-27",7479.509766
"2010-01-28",7406.040039
"2010-01-29",7505.319824
"2010-02-01",7578.589844
"2010-02-02",7710.939941
"2010-02-03",7675.680176
"2010-02-04",7458.379883
"2010-02-05",7243.129883
"2010-02-08",7246.149902
"2010-02-09",7289.160156
"2010-02-10",7353.22998
"2010-02-11",7344.660156
"2010-02-12",7293.140137
"2010-02-15",7299.910156
"2010-02-16",7386.490234
"2010-02-17",7531
"2010-02-18",7599.459961
"2010-02-19",7597.390137
"2010-02-22",7570.640137
"2010-02-23",7480.129883
"2010-02-24",7396.950195
"2010-02-25",7246.819824
"2010-02-26",7393.259766
"2010-03-01",7543.850098
"2010-03-02",7651.830078
"2010-03-03",7708.540039
"2010-03-04",7739.549805
"2010-03-05",7853.089844
"2010-03-08",7844.879883
"2010-03-09",7826.629883
"2010-03-10",7926.490234
"2010-03-11",7903.339844
"2010-03-12",7926.299805
"2010-03-15",7851.359863
"2010-03-16",7930.830078
"2010-03-17",8016.02002
"2010-03-18",7987.220215
"2010-03-19",7961.459961
"2010-03-22",7975.870117
"2010-03-23",8034.200195
"2010-03-24",8064.52002
"2010-03-25",8171.220215
"2010-03-26",8162.589844
"2010-03-29",8190.890137
"2010-03-30",8140.75
"2010-03-31",8143.459961
"2010-04-01",8305.429688
"2010-04-06",8380.200195
"2010-04-07",8367.009766
"2010-04-08",8255.330078
"2010-04-09",8400.839844
"2010-04-12",8374.360352
"2010-04-13",8326.879883
"2010-04-14",8457.519531
"2010-04-15",8495.040039
"2010-04-16",8391.919922
"2010-04-19",8308.240234
"2010-04-20",8486.120117
"2010-04-21",8480.419922
"2010-04-22",8332.700195
"2010-04-23",8540.660156
"2010-04-26",8641.730469
"2010-04-27",8343.05957
"2010-04-28",8218.730469
"2010-04-29",8420.530273
"2010-04-30",8359.150391
"2010-05-03",8432.55957
"2010-05-04",8148.490234
"2010-05-05",7985.080078
"2010-05-06",7890.850098
"2010-05-07",7636.77002
"2010-05-10",8169.779785
"2010-05-11",8173.600098
"2010-05-12",8459.709961
"2010-05-13",8508.009766
"2010-05-14",8288.320313
"2010-05-17",8171.700195
"2010-05-18",8320.75
"2010-05-19",8025.27002
"2010-05-20",7774.879883
"2010-05-21",7785.5
"2010-05-24",7763.310059
"2010-05-25",7428.569824
"2010-05-26",7664.569824
"2010-05-27",7949.549805
"2010-05-28",7959.75
"2010-05-31",8023.600098
"2010-06-01",7967.899902
"2010-06-02",7993.540039
"2010-06-03",8129.990234
"2010-06-04",7943.450195
"2010-06-07",7864.919922
"2010-06-08",7744.459961
"2010-06-09",7980.540039
"2010-06-10",8208.089844
"2010-06-11",8238.389648
"2010-06-14",8398.099609
"2010-06-15",8453.730469
"2010-06-16",8414.969727
"2010-06-17",8448.419922
"2010-06-18",8464.299805
"2010-06-21",8509.410156
"2010-06-22",8459.679688
"2010-06-23",8386.469727
"2010-06-24",8233.160156
"2010-06-25",8163.97998
"2010-06-28",8320.929688
"2010-06-29",8009.02002
"2010-06-30",8008.669922
"2010-07-01",7810.819824
"2010-07-02",7829.899902
"2010-07-05",7839.120117
"2010-07-06",8091.319824
"2010-07-07",8104.089844
"2010-07-08",8159.290039
"2010-07-09",8218.419922
"2010-07-12",8243.099609
"2010-07-13",8406.259766
"2010-07-14",8374.55957
"2010-07-15",8283.379883
"2010-07-16",8137.029785
"2010-07-19",8108.609863
"2010-07-20",8037.169922
"2010-07-21",8173.549805
"2010-07-22",8414.379883
"2010-07-23",8500.730469
"2010-07-26",8616.299805
"2010-07-27",8555.650391
"2010-07-28",8495.099609
"2010-07-29",8405.410156
"2010-07-30",8366.580078
"2010-08-02",8578.379883
"2010-08-03",8568.19043
"2010-08-04",8599.889648
"2010-08-05",8653.129883
"2010-08-06",8582.209961
"2010-08-09",8689.120117
"2010-08-10",8553.55957
"2010-08-11",8318.389648
"2010-08-12",8241.780273
"2010-08-13",8267.469727
"2010-08-16",8283.019531
"2010-08-17",8438.280273
"2010-08-18",8430.620117
"2010-08-19",8345.5
"2010-08-20",8189.529785
"2010-08-23",8253.400391
"2010-08-24",8103
"2010-08-25",8006.419922
"2010-08-26",8079.830078
"2010-08-27",8116.379883
"2010-08-30",8108.52002
"2010-08-31",8149.149902
"2010-09-01",8392.209961
"2010-09-02",8463.570313
"2010-09-03",8507.830078
"2010-09-06",8508.330078
"2010-09-07",8463.660156
"2010-09-08",8518.55957
"2010-09-09",8659.950195
"2010-09-10",8677.69043
"2010-09-13",8740.049805
"2010-09-14",8761.19043
"2010-09-15",8732.299805
"2010-09-16",8692.030273
"2010-09-17",8722.009766
"2010-09-20",8803.230469
"2010-09-21",8827.589844
"2010-09-22",8714.360352
"2010-09-23",8654.799805
"2010-09-24",8808.089844
"2010-09-27",8794.919922
"2010-09-28",8820
"2010-09-29",8785.849609
"2010-09-30",8768.030273
"2010-10-01",8763.349609
"2010-10-04",8706.69043
"2010-10-05",8811.389648
"2010-10-06",8850.80957
"2010-10-07",8847.94043
"2010-10-08",8926.080078
"2010-10-11",8985.799805
"2010-10-12",8997.94043
"2010-10-13",9158.379883
"2010-10-14",9161.360352
"2010-10-15",9170.389648
"2010-10-18",9180.040039
"2010-10-19",9131.839844
"2010-10-20",9208.429688
"2010-10-21",9287.509766
"2010-10-22",9305.929688
"2010-10-25",9363.620117
"2010-10-26",9323.919922
"2010-10-27",9254.259766
"2010-10-28",9255.969727
"2010-10-29",9301.259766
"2010-11-01",9350.209961
"2010-11-02",9397.110352
"2010-11-03",9373.570313
"2010-11-04",9456.469727
"2010-11-05",9450.820313
"2010-11-08",9452.549805
"2010-11-09",9507.219727
"2010-11-10",9429.410156
"2010-11-11",9363.990234
"2010-11-12",9349.620117
"2010-11-15",9423.969727
"2010-11-16",9170.780273
"2010-11-17",9223.009766
"2010-11-18",9396.530273
"2010-11-19",9412.5
"2010-11-22",9383.110352
"2010-11-23",9174.339844
"2010-11-24",9356.389648
"2010-11-25",9484.019531
"2010-11-26",9458.540039
"2010-11-29",9260.450195
"2010-11-30",9289.959961
"2010-12-01",9518.230469
"2010-12-02",9759.299805
"2010-12-03",9783.55957
"2010-12-06",9845.69043
"2010-12-07",9921.160156
"2010-12-08",9890.160156
"2010-12-09",9806.019531
"2010-12-10",9846.769531
"2010-12-13",9919.639648
"2010-12-14",9901.549805
"2010-12-15",9921.280273
"2010-12-16",9935.269531
"2010-12-17",9906.849609
"2010-12-20",9976
"2010-12-21",10073.629883
"2010-12-22",10139.179688
"2010-12-23",10145.209961
"2010-12-27",10093.370117
"2010-12-28",10080.69043
"2010-12-29",10114.19043
"2010-12-30",10128.120117
"2011-01-03",10192.070313
"2011-01-04",10178.099609
"2011-01-05",10054.820313
"2011-01-06",10099.400391
"2011-01-07",10074.830078
"2011-01-10",9903.870117
"2011-01-11",10119.870117
"2011-01-12",10310.240234
"2011-01-13",10291.910156
"2011-01-14",10301.049805
"2011-01-17",10275.69043
"2011-01-18",10382.320313
"2011-01-19",10248.129883
"2011-01-20",10075.599609
"2011-01-21",10091.580078
"2011-01-24",10064.80957
"2011-01-25",10047.950195
"2011-01-26",10213.700195
"2011-01-27",10273.290039
"2011-01-28",10234.839844
"2011-01-31",10139.889648
"2011-02-01",10262.719727
"2011-02-02",10241.469727
"2011-02-03",10269.650391
"2011-02-04",10302.349609
"2011-02-07",10443.650391
"2011-02-08",10533.80957
"2011-02-09",10525.290039
"2011-02-10",10489.530273
"2011-02-11",10552.150391
"2011-02-14",10610.740234
"2011-02-15",10588.879883
"2011-02-16",10585.530273
"2011-02-17",10518.05957
"2011-02-18",10513.959961
"2011-02-21",10338.549805
"2011-02-22",10304.490234
"2011-02-23",10122.330078
"2011-02-24",10016.480469
"2011-02-25",10182.379883
"2011-02-28",10293.830078
"2011-03-01",10304.820313
"2011-03-02",10182.179688
"2011-03-03",10182.049805
"2011-03-04",10148.530273
"2011-03-07",10163.889648
"2011-03-08",10228.570313
"2011-03-09",10290.179688
"2011-03-10",10152.25
"2011-03-11",10011.759766
"2011-03-14",9880.769531
"2011-03-15",9628.759766
"2011-03-16",9565.610352
"2011-03-17",9741.089844
"2011-03-18",9854.019531
"2011-03-21",10012.139648
"2011-03-22",9964.049805
"2011-03-23",9994.790039
"2011-03-24",10167.110352
"2011-03-25",10192.419922
"2011-03-28",10200.790039
"2011-03-29",10219.339844
"2011-03-30",10329.530273
"2011-03-31",10310.080078
"2011-04-01",10490.419922
"2011-04-04",10562.719727
"2011-04-05",10551.179688
"2011-04-06",10577.19043
"2011-04-07",10488.400391
"2011-04-08",10539.599609
"2011-04-11",10452.580078
"2011-04-12",10308.660156
"2011-04-13",10348.30957
"2011-04-14",10317.200195
"2011-04-15",10370.290039
"2011-04-18",10164.959961
"2011-04-19",10238.830078
"2011-04-20",10450.120117
"2011-04-21",10513.280273
"2011-04-26",10626.080078
"2011-04-27",10684.139648
"2011-04-28",10711.299805
"2011-04-29",10740.450195
"2011-05-02",10799.530273
"2011-05-03",10752.049805
"2011-05-04",10580.620117
"2011-05-05",10541.150391
"2011-05-06",10694.320313
"2011-05-09",10713.509766
"2011-05-10",10830.80957
"2011-05-11",10819.959961
"2011-05-12",10759.219727
"2011-05-13",10850.660156
"2011-05-16",10794.94043
"2011-05-17",10661.5
"2011-05-18",10662.570313
"2011-05-19",10766.900391
"2011-05-20",10778.05957
"2011-05-23",10570.389648
"2011-05-24",10642.889648
"2011-05-25",10632.580078
"2011-05-26",10624.719727
"2011-05-27",10694.089844
"2011-05-30",10730.429688
"2011-05-31",10884.040039
"2011-06-01",10826.69043
"2011-06-02",10680.389648
"2011-06-03",10682.179688
"2011-06-06",10659.870117
"2011-06-07",10656.040039
"2011-06-08",10538.679688
"2011-06-09",10674.179688
"2011-06-10",10572.19043
"2011-06-13",10570.410156
"2011-06-14",10693.269531
"2011-06-15",10634.570313
"2011-06-16",10557.839844
"2011-06-17",10530.469727
"2011-06-20",10462.610352
"2011-06-21",10651.589844
"2011-06-22",10661.519531
"2011-06-23",10515.030273
"2011-06-24",10510.349609
"2011-06-27",10456.879883
"2011-06-28",10539.099609
"2011-06-29",10748.030273
"2011-06-30",10932.330078
"2011-07-01",10991.290039
"2011-07-04",11087.450195
"2011-07-05",11089.629883
"2011-07-06",11073.959961
"2011-07-07",11187.040039
"2011-07-08",11068.919922
"2011-07-11",10813.150391
"2011-07-12",10744.980469
"2011-07-13",10930.679688
"2011-07-14",10796.139648
"2011-07-15",10789.480469
"2011-07-18",10575.040039
"2011-07-19",10628.620117
"2011-07-20",10770.530273
"2011-07-21",10828.469727
"2011-07-22",10886.75
"2011-07-25",10914.099609
"2011-07-26",10785.080078
"2011-07-27",10643.120117
"2011-07-28",10488.790039
"2011-07-29",10486.879883
"2011-08-01",10338.080078
"2011-08-02",9957
"2011-08-03",9719.129883
"2011-08-04",9225.290039
"2011-08-05",9135.219727
"2011-08-08",8539.419922
"2011-08-09",8783.610352
"2011-08-10",8532.700195
"2011-08-11",8913.900391
"2011-08-12",9197.469727
"2011-08-15",9318.19043
"2011-08-16",9149.120117
"2011-08-17",9084.030273
"2011-08-18",8532.889648
"2011-08-19",8404.290039
"2011-08-22",8424.929688
"2011-08-23",8477.849609
"2011-08-24",8747.740234
"2011-08-25",8705.910156
"2011-08-26",8628.849609
"2011-08-29",8857.44043
"2011-08-30",8898.009766
"2011-08-31",9177.089844
"2011-09-01",9170.660156
"2011-09-02",8837.5
"2011-09-05",8402.919922
"2011-09-06",8334.929688
"2011-09-07",8714.969727
"2011-09-08",8787.950195
"2011-09-09",8535.790039
"2011-09-12",8303.870117
"2011-09-13",8403.19043
"2011-09-14",8659.519531
"2011-09-15",8832.719727
"2011-09-16",8910.820313
"2011-09-19",8720.80957
"2011-09-20",8877.419922
"2011-09-21",8724.19043
"2011-09-22",8230.490234
"2011-09-23",8146.009766
"2011-09-26",8215.639648
"2011-09-27",8628.469727
"2011-09-28",8548.139648
"2011-09-29",8635.450195
"2011-09-30",8341.080078
"2011-10-04",7783.140137
"2011-10-05",8066.290039
"2011-10-06",8398.509766
"2011-10-07",8450.660156
"2011-10-10",8678.879883
"2011-10-11",8723.669922
"2011-10-12",8935.860352
"2011-10-13",8901.570313
"2011-10-14",9026.860352
"2011-10-17",8886
"2011-10-18",8973.860352
"2011-10-19",8934.169922
"2011-10-20",8705.589844
"2011-10-21",8956.169922
"2011-10-24",9148.049805
"2011-10-25",9065.459961
"2011-10-26",9035.69043
"2011-10-27",9386.599609
"2011-10-28",9339.790039
"2011-10-31",9076.240234
"2011-11-01",8730.349609
"2011-11-02",8855.469727
"2011-11-03",9136.049805
"2011-11-04",9076.549805
"2011-11-07",9032.780273
"2011-11-08",9064.769531
"2011-11-09",8871.379883
"2011-11-10",8845.120117
"2011-11-11",9153.849609
"2011-11-14",9029.5
"2011-11-15",8897.75
"2011-11-16",8860.509766
"2011-11-17",8720.509766
"2011-11-18",8626.150391
"2011-11-21",8301.94043
"2011-11-22",8208.400391
"2011-11-23",8105.779785
"2011-11-24",8222.700195
"2011-11-25",8248.05957
"2011-11-28",8590.610352
"2011-11-29",8612.410156
"2011-11-30",9017.049805
"2011-12-01",8904.540039
"2011-12-02",8987.150391
"2011-12-05",9043.870117
"2011-12-06",8944.429688
"2011-12-07",8849.480469
"2011-12-08",8668.490234
"2011-12-09",8768.179688
"2011-12-12",8558.94043
"2011-12-13",8586.849609
"2011-12-14",8398.639648
"2011-12-15",8518.660156
"2011-12-16",8531.099609
"2011-12-19",8490.889648
"2011-12-20",8737.280273
"2011-12-21",8717.69043
"2011-12-22",8775.389648
"2011-12-23",8834.69043
"2011-12-27",8837.94043
"2011-12-28",8752.860352
"2011-12-29",8827.80957
"2011-12-30",8897.80957
"2012-01-02",NA
"2012-01-03",9229.089844
"2012-01-04",9190.120117
"2012-01-05",9170.459961
"2012-01-06",9215.679688
"2012-01-09",9163.509766
"2012-01-10",9388.769531
"2012-01-11",9469.639648
"2012-01-12",9535.55957
"2012-01-13",9487.320313
"2012-01-16",9571.620117
"2012-01-17",9721.839844
"2012-01-18",9752.740234
"2012-01-19",9838.480469
"2012-01-20",9797.349609
"2012-01-23",9852.719727
"2012-01-24",9765.129883
"2012-01-25",9825.290039
"2012-01-26",9974.610352
"2012-01-27",9940.44043
"2012-01-30",9773.320313
"2012-01-31",9917.429688
"2012-02-01",10128.660156
"2012-02-02",10212.169922
"2012-02-03",10413.969727
"2012-02-06",10374.959961
"2012-02-07",10306.480469
"2012-02-08",10316.349609
"2012-02-09",10356.320313
"2012-02-10",10249.129883
"2012-02-13",10289.950195
"2012-02-14",10253.55957
"2012-02-15",10352.969727
"2012-02-16",10296.709961
"2012-02-17",10441.429688
"2012-02-20",10584.75
"2012-02-21",10468.480469
"2012-02-22",10380.160156
"2012-02-23",10368.620117
"2012-02-24",10452.269531
"2012-02-27",10380.919922
"2012-02-28",10442.730469
"2012-02-29",10428.599609
"2012-03-01",10528.25
"2012-03-02",10509.870117
"2012-03-05",10384.780273
"2012-03-06",9996.030273
"2012-03-07",10107.69043
"2012-03-08",10431.160156
"2012-03-09",10513.839844
"2012-03-12",10530.980469
"2012-03-13",10667.700195
"2012-03-14",10665.700195
"2012-03-15",10726.200195
"2012-03-16",10749.30957
"2012-03-19",10712.709961
"2012-03-20",10575.179688
"2012-03-21",10630.650391
"2012-03-22",10573.049805
"2012-03-23",10656.549805
"2012-03-26",10807.730469
"2012-03-27",10821.150391
"2012-03-28",10677.209961
"2012-03-29",10531.919922
"2012-03-30",10703.099609
"2012-04-02",10873.219727
"2012-04-03",10853.009766
"2012-04-04",10515.429688
"2012-04-05",10600.660156
"2012-04-10",10332.730469
"2012-04-11",10439.129883
"2012-04-12",10670.730469
"2012-04-13",10494
"2012-04-16",10545.669922
"2012-04-17",10747.349609
"2012-04-18",10661.549805
"2012-04-19",10601.980469
"2012-04-20",10649.5
"2012-04-23",10270.480469
"2012-04-24",10372.599609
"2012-04-25",10629.620117
"2012-04-26",10761.30957
"2012-04-27",10910.110352
"2012-04-30",10828.25
"2012-05-02",10828.219727
"2012-05-03",10850.139648
"2012-05-04",10588.950195
"2012-05-07",10625.799805
"2012-05-08",10416.299805
"2012-05-09",10446.589844
"2012-05-10",10489.480469
"2012-05-11",10554.990234
"2012-05-14",10363.969727
"2012-05-15",10332.759766
"2012-05-16",10331.429688
"2012-05-17",10205.889648
"2012-05-18",10043.669922
"2012-05-21",10169.549805
"2012-05-22",10427.419922
"2012-05-23",10228.240234
"2012-05-24",10231.519531
"2012-05-25",10196.44043
"2012-05-28",10262.379883
"2012-05-29",10417.799805
"2012-05-30",10208.55957
"2012-05-31",10147.820313
"2012-06-01",9870.459961
"2012-06-04",9715.519531
"2012-06-05",9733.419922
"2012-06-06",10036.099609
"2012-06-07",10228.44043
"2012-06-08",10123.120117
"2012-06-11",10103.349609
"2012-06-12",10044.900391
"2012-06-13",9981.879883
"2012-06-14",9931.25
"2012-06-15",10046.110352
"2012-06-18",10089.150391
"2012-06-19",10297.459961
"2012-06-20",10403.709961
"2012-06-21",10372.530273
"2012-06-22",10175.719727
"2012-06-25",10024.610352
"2012-06-26",9963.209961
"2012-06-27",10014.339844
"2012-06-28",9941.269531
"2012-06-29",10343.709961
"2012-07-02",10454.459961
"2012-07-03",10644.700195
"2012-07-04",10690.580078
"2012-07-05",10606.379883
"2012-07-06",10448.740234
"2012-07-09",10423.759766
"2012-07-10",10565.230469
"2012-07-11",10446.169922
"2012-07-12",10388.280273
"2012-07-13",10621.230469
"2012-07-16",10655.349609
"2012-07-17",10649.830078
"2012-07-18",10742.769531
"2012-07-19",10902.299805
"2012-07-20",10807.070313
"2012-07-23",10426.540039
"2012-07-24",10454
"2012-07-25",10475.519531
"2012-07-26",10722.69043
"2012-07-27",10854.740234
"2012-07-30",10935.80957
"2012-07-31",10826.259766
"2012-08-01",10891.679688
"2012-08-02",10674.740234
"2012-08-03",10990.719727
"2012-08-06",11125.799805
"2012-08-07",11167.5
"2012-08-08",11053.790039
"2012-08-09",11064.240234
"2012-08-10",11054.549805
"2012-08-13",10987.549805
"2012-08-14",11049.5
"2012-08-15",11026.219727
"2012-08-16",11093.730469
"2012-08-17",11228.419922
"2012-08-20",11153.219727
"2012-08-21",11255.320313
"2012-08-22",11138.009766
"2012-08-23",11071.919922
"2012-08-24",11014.230469
"2012-08-27",11061.299805
"2012-08-28",11001.830078
"2012-08-29",11063.75
"2012-08-30",10944.049805
"2012-08-31",11016.980469
"2012-09-03",11051.280273
"2012-09-04",10898.950195
"2012-09-05",10887.269531
"2012-09-06",11115.150391
"2012-09-07",11177.519531
"2012-09-10",11153.879883
"2012-09-11",11184.790039
"2012-09-12",11183.269531
"2012-09-13",11017.950195
"2012-09-14",11237.269531
"2012-09-17",11161.610352
"2012-09-18",11085.389648
"2012-09-19",11123.459961
"2012-09-20",11127.089844
"2012-09-21",11213.519531
"2012-09-24",11103.900391
"2012-09-25",11165.469727
"2012-09-26",10950.530273
"2012-09-27",11012.530273
"2012-09-28",10977.879883
"2012-10-01",11129.469727
"2012-10-02",11150.929688
"2012-10-04",11239.540039
"2012-10-05",11349.69043
"2012-10-08",11249.480469
"2012-10-09",11203.370117
"2012-10-10",11244.259766
"2012-10-11",11328.419922
"2012-10-12",11231.349609
"2012-10-15",11315.330078
"2012-10-16",11471.410156
"2012-10-17",11555.639648
"2012-10-18",11556.110352
"2012-10-19",11476.009766
"2012-10-22",11470.05957
"2012-10-23",11267.950195
"2012-10-24",11330.049805
"2012-10-25",11356.360352
"2012-10-26",11413.570313
"2012-10-29",11398.070313
"2012-10-30",11504.349609
"2012-10-31",11492.019531
"2012-11-01",11607.450195
"2012-11-02",11626.080078
"2012-11-05",11565.580078
"2012-11-06",11656.150391
"2012-11-07",11518.30957
"2012-11-08",11382.549805
"2012-11-09",11340.870117
"2012-11-12",11317.969727
"2012-11-13",11296.969727
"2012-11-14",11246.849609
"2012-11-15",11071.480469
"2012-11-16",10957.530273
"2012-11-19",11172.030273
"2012-11-20",11242.669922
"2012-11-21",11274.410156
"2012-11-22",11381.730469
"2012-11-23",11408.080078
"2012-11-26",11371.459961
"2012-11-27",11432.80957
"2012-11-28",11444.150391
"2012-11-29",11568.679688
"2012-11-30",11612.919922
"2012-12-03",11625.889648
"2012-12-04",11615.709961
"2012-12-05",11682.139648
"2012-12-06",11887.139648
"2012-12-07",11896.730469
"2012-12-10",11898.610352
"2012-12-11",11973.280273
"2012-12-12",11952.120117
"2012-12-13",11923.990234
"2012-12-14",11955.990234
"2012-12-17",11947.120117
"2012-12-18",12008.570313
"2012-12-19",12086.110352
"2012-12-20",12069.570313
"2012-12-21",11994.320313
"2012-12-27",11976.540039
"2012-12-28",11914.370117
"2013-01-02",12149.370117
"2013-01-03",12186.870117
"2013-01-04",12244.009766
"2013-01-07",12206.259766
"2013-01-08",12191.980469
"2013-01-09",12364.379883
"2013-01-10",12348.400391
"2013-01-11",12335.400391
"2013-01-14",12312.44043
"2013-01-15",12268
"2013-01-16",12315.150391
"2013-01-17",12480.990234
"2013-01-18",12547.730469
"2013-01-21",12552.410156
"2013-01-22",12573.089844
"2013-01-23",12606.200195
"2013-01-24",12675.450195
"2013-01-25",12730.860352
"2013-01-28",12759.450195
"2013-01-29",12697.389648
"2013-01-30",12618.700195
"2013-01-31",12571.379883
"2013-02-01",12757
"2013-02-04",12560.820313
"2013-02-05",12641.139648
"2013-02-06",12634.290039
"2013-02-07",12655.69043
"2013-02-08",12759.55957
"2013-02-11",12738.209961
"2013-02-12",12784.969727
"2013-02-13",13003.139648
"2013-02-14",12942.910156
"2013-02-15",12964.25
"2013-02-18",12988.700195
"2013-02-19",13154.379883
"2013-02-20",13178.44043
"2013-02-21",13014.410156
"2013-02-22",13119.799805
"2013-02-25",13141.639648
"2013-02-26",13002.889648
"2013-02-27",13140.969727
"2013-02-28",13301.379883
"2013-03-01",13261.910156
"2013-03-04",13202.259766
"2013-03-05",13314.469727
"2013-03-06",13319.929688
"2013-03-07",13363.480469
"2013-03-08",13352.530273
"2013-03-11",13338.299805
"2013-03-12",13369.839844
"2013-03-13",13400.360352
"2013-03-14",13473.049805
"2013-03-15",13486.389648
"2013-03-18",13514.849609
"2013-03-19",13438.780273
"2013-03-20",13408.790039
"2013-03-21",13357.349609
"2013-03-22",13358.860352
"2013-03-25",13339.629883
"2013-03-26",13391.5
"2013-03-27",13250.540039
"2013-03-28",13322.259766
"2013-04-02",13522.05957
"2013-04-03",13447.700195
"2013-04-04",13208.759766
"2013-04-05",12922.900391
"2013-04-08",12988.990234
"2013-04-09",12977.410156
"2013-04-10",13268.070313
"2013-04-11",13393.259766
"2013-04-12",13307.889648
"2013-04-15",13188.200195
"2013-04-16",13103.290039
"2013-04-17",12988.150391
"2013-04-18",12970.719727
"2013-04-19",13019.089844
"2013-04-22",13093.230469
"2013-04-23",13345.19043
"2013-04-24",13380.099609
"2013-04-25",13419.660156
"2013-04-26",13349.660156
"2013-04-29",13398.740234
"2013-04-30",13443.709961
"2013-05-02",13508.400391
"2013-05-03",13643.330078
"2013-05-06",13695.509766
"2013-05-07",13788.200195
"2013-05-08",13807.44043
"2013-05-09",13830.360352
"2013-05-10",13893.5
"2013-05-13",13873.299805
"2013-05-14",13971.05957
"2013-05-15",14055.530273
"2013-05-16",14051.429688
"2013-05-17",14070.629883
"2013-05-20",NA
"2013-05-21",14200.910156
"2013-05-22",14258.830078
"2013-05-23",13984.519531
"2013-05-24",13987.349609
"2013-05-27",14066.549805
"2013-05-28",14303.830078
"2013-05-29",14111.580078
"2013-05-30",14135.950195
"2013-05-31",14093.589844
"2013-06-03",13950.969727
"2013-06-04",14006.299805
"2013-06-05",13790.700195
"2013-06-06",13706.839844
"2013-06-07",13846.799805
"2013-06-10",13931.599609
"2013-06-11",13812.179688
"2013-06-12",13888.080078
"2013-06-13",13833.519531
"2013-06-14",13964.790039
"2013-06-17",14048
"2013-06-18",14123.780273
"2013-06-19",14119.719727
"2013-06-20",13775.969727
"2013-06-21",13578.139648
"2013-06-24",13263.360352
"2013-06-25",13488.679688
"2013-06-26",13649.629883
"2013-06-27",13805.179688
"2013-06-28",13706.44043
"2013-07-01",13806.400391
"2013-07-02",13744.519531
"2013-07-03",13608.490234
"2013-07-04",13859.610352
"2013-07-05",13716.080078
"2013-07-08",13848.849609
"2013-07-09",13970.209961
"2013-07-10",13938.980469
"2013-07-11",14000.519531
"2013-07-12",14014.139648
"2013-07-15",14044.450195
"2013-07-16",13998.30957
"2013-07-17",14005.580078
"2013-07-18",14205.299805
"2013-07-19",14185.040039
"2013-07-22",14143.30957
"2013-07-23",14123.679688
"2013-07-24",14191.070313
"2013-07-25",14251.469727
"2013-07-26",14208.05957
"2013-07-29",14266.419922
"2013-07-30",14362.790039
"2013-07-31",14352.429688
"2013-08-01",14573.200195
"2013-08-02",14606.110352
"2013-08-05",14654.19043
"2013-08-06",14604.429688
"2013-08-07",14607.94043
"2013-08-08",14682.69043
"2013-08-09",14733.759766
"2013-08-12",14719.080078
"2013-08-13",14779.839844
"2013-08-14",14855.419922
"2013-08-15",14717.589844
"2013-08-16",14762.870117
"2013-08-19",14728.599609
"2013-08-20",14617.969727
"2013-08-21",14594.740234
"2013-08-22",14748.160156
"2013-08-23",14839.200195
"2013-08-26",14809.360352
"2013-08-27",14517.480469
"2013-08-28",14325.469727
"2013-08-29",14448.379883
"2013-08-30",14386.160156
"2013-09-02",14636.980469
"2013-09-03",14551.160156
"2013-09-04",14515.419922
"2013-09-05",14610.030273
"2013-09-06",14588.040039
"2013-09-09",14645.209961
"2013-09-10",14833.519531
"2013-09-11",14877.959961
"2013-09-12",14823.519531
"2013-09-13",14840.299805
"2013-09-16",15004.19043
"2013-09-17",14923.849609
"2013-09-18",15031.269531
"2013-09-19",15059.150391
"2013-09-20",15021.360352
"2013-09-23",14966.219727
"2013-09-24",14981.990234
"2013-09-25",15002.719727
"2013-09-26",15042.179688
"2013-09-27",15077.80957
"2013-09-30",15034.269531
"2013-10-01",15174.540039
"2013-10-02",15126.030273
"2013-10-04",15129.179688
"2013-10-07",15109.629883
"2013-10-08",15089.759766
"2013-10-09",14966.950195
"2013-10-10",15171.589844
"2013-10-11",15235.040039
"2013-10-14",15252.30957
"2013-10-15",15422.870117
"2013-10-16",15449.230469
"2013-10-17",15479.129883
"2013-10-18",15700.290039
"2013-10-21",15800.070313
"2013-10-22",15810.509766
"2013-10-23",15764.269531
"2013-10-24",15846.209961
"2013-10-25",15860.44043
"2013-10-28",15819.429688
"2013-10-29",15868.089844
"2013-10-30",15939.919922
"2013-10-31",15989.769531
"2013-11-01",16006.94043
"2013-11-04",16097.240234
"2013-11-05",16091.169922
"2013-11-06",16216.889648
"2013-11-07",16122.120117
"2013-11-08",16069.25
"2013-11-11",16194.599609
"2013-11-12",16062.719727
"2013-11-13",15916.799805
"2013-11-14",16084.259766
"2013-11-15",16096.759766
"2013-11-18",16215.740234
"2013-11-19",16206.919922
"2013-11-20",16191.570313
"2013-11-21",16099.099609
"2013-11-22",16149.169922
"2013-11-25",16229.589844
"2013-11-26",16191.290039
"2013-11-27",16245.830078
"2013-11-28",16281.290039
"2013-11-29",16334.280273
"2013-12-02",16396.039063
"2013-12-03",16075.519531
"2013-12-04",15965.740234
"2013-12-05",15864.929688
"2013-12-06",15955.480469
"2013-12-09",16046.870117
"2013-12-10",15954.169922
"2013-12-11",16021.459961
"2013-12-12",15901.240234
"2013-12-13",15898.860352
"2013-12-16",16081.610352
"2013-12-17",16073.759766
"2013-12-18",16151.80957
"2013-12-19",16225.660156
"2013-12-20",16391
"2013-12-23",16491.419922
"2013-12-27",16625.720703
"2013-12-30",16574.449219
"2014-01-02",16516.849609
"2014-01-03",16618.869141
"2014-01-06",16566.550781
"2014-01-07",16590.529297
"2014-01-08",16623.960938
"2014-01-09",16543.029297
"2014-01-10",16644.789063
"2014-01-13",16773.359375
"2014-01-14",16707.859375
"2014-01-15",16901.400391
"2014-01-16",16943.630859
"2014-01-17",16946.619141
"2014-01-20",16919.910156
"2014-01-21",16899.539063
"2014-01-22",16874.730469
"2014-01-23",16744.570313
"2014-01-24",16301.269531
"2014-01-27",16134.049805
"2014-01-28",16417.109375
"2014-01-29",16309.259766
"2014-01-30",16285.110352
"2014-01-31",16205.879883
"2014-02-03",16013.830078
"2014-02-04",16032.94043
"2014-02-05",16066.910156
"2014-02-06",16329.230469
"2014-02-07",16400.980469
"2014-02-10",16391.289063
"2014-02-11",16557.919922
"2014-02-12",16644.509766
"2014-02-13",16633.589844
"2014-02-14",16754.699219
"2014-02-17",16882.769531
"2014-02-18",16849.150391
"2014-02-19",16855.779297
"2014-02-20",16774.830078
"2014-02-21",16826.759766
"2014-02-24",16933.400391
"2014-02-25",16917.240234
"2014-02-26",16853.550781
"2014-02-27",16826.880859
"2014-02-28",16891.730469
"2014-03-03",16449.279297
"2014-03-04",16825.669922
"2014-03-05",16840.869141
"2014-03-06",16876.089844
"2014-03-07",16655.960938
"2014-03-10",16494.470703
"2014-03-11",16475
"2014-03-12",16247.349609
"2014-03-13",16066.5
"2014-03-14",16009.799805
"2014-03-17",16294.959961
"2014-03-18",16421.640625
"2014-03-19",16443.890625
"2014-03-20",16361.480469
"2014-03-21",16337.44043
"2014-03-24",16080.650391
"2014-03-25",16268.280273
"2014-03-26",16407.070313
"2014-03-27",16334.75
"2014-03-28",16444.490234
"2014-03-31",16461.679688
"2014-04-01",16606.710938
"2014-04-02",16614.580078
"2014-04-03",16628.839844
"2014-04-04",16714.25
"2014-04-07",16482.830078
"2014-04-08",16253.549805
"2014-04-09",16333.019531
"2014-04-10",16269.80957
"2014-04-11",16029.230469
"2014-04-14",15874.900391
"2014-04-15",15661.849609
"2014-04-16",15970.990234
"2014-04-17",16142.900391
"2014-04-22",16372.549805
"2014-04-23",16295.900391
"2014-04-24",16275.200195
"2014-04-25",16056.610352
"2014-04-28",16053.419922
"2014-04-29",16166.900391
"2014-04-30",16081.879883
"2014-05-02",16126.629883
"2014-05-05",16028.259766
"2014-05-06",16000.610352
"2014-05-07",16041.719727
"2014-05-08",16293.919922
"2014-05-09",16302.19043
"2014-05-12",16511.929688
"2014-05-13",16596.410156
"2014-05-14",16530.580078
"2014-05-15",16349.929688
"2014-05-16",16185.740234
"2014-05-19",16313.830078
"2014-05-20",16245.389648
"2014-05-21",16327.580078
"2014-05-22",16490.970703
"2014-05-23",16616.169922
"2014-05-26",16794.220703
"2014-05-27",16917.869141
"2014-05-28",16913.539063
"2014-05-29",16915.050781
"2014-05-30",16951.109375
"2014-06-02",17015.480469
"2014-06-03",16873.380859
"2014-06-04",16865.019531
"2014-06-05",16942
"2014-06-06",17129.669922
"2014-06-09",17146.919922
"2014-06-10",17167.919922
"2014-06-11",17026.019531
"2014-06-12",17058.960938
"2014-06-13",16908.199219
"2014-06-16",16837.550781
"2014-06-17",16932.410156
"2014-06-18",16943.679688
"2014-06-19",17007.880859
"2014-06-20",16988.519531
"2014-06-23",16846.970703
"2014-06-24",16837.25
"2014-06-25",16710.810547
"2014-06-26",16705.839844
"2014-06-27",16807.890625
"2014-06-30",16815.580078
"2014-07-01",16729.689453
"2014-07-02",16745.449219
"2014-07-03",16915.150391
"2014-07-04",16888.919922
"2014-07-07",16687.759766
"2014-07-08",16457.259766
"2014-07-09",16430.599609
"2014-07-10",16280.139648
"2014-07-11",16308.610352
"2014-07-14",16496.830078
"2014-07-15",16327.209961
"2014-07-16",16472.619141
"2014-07-17",16452.099609
"2014-07-18",16392.390625
"2014-07-21",16227.110352
"2014-07-22",16369.75
"2014-07-23",16422.830078
"2014-07-24",16510.800781
"2014-07-25",16303.05957
"2014-07-28",16192.099609
"2014-07-29",16218.230469
"2014-07-30",16154.660156
"2014-07-31",15790.669922
"2014-08-01",15616.349609
"2014-08-04",15511.150391
"2014-08-05",15516.160156
"2014-08-06",15385.519531
"2014-08-07",15340.870117
"2014-08-08",15297.480469
"2014-08-11",15668.660156
"2014-08-12",15532.740234
"2014-08-13",15649.990234
"2014-08-14",15746.679688
"2014-08-15",15674.919922
"2014-08-18",15847.889648
"2014-08-19",15970.450195
"2014-08-20",15906.94043
"2014-08-21",15998.360352
"2014-08-22",15999.219727
"2014-08-25",16169.44043
"2014-08-26",16270.589844
"2014-08-27",16273.169922
"2014-08-28",16095.870117
"2014-08-29",16085.290039
"2014-09-01",16100.790039
"2014-09-02",16146.139648
"2014-09-03",16241.299805
"2014-09-04",16338.709961
"2014-09-05",16343.75
"2014-09-08",16340.759766
"2014-09-09",16278.490234
"2014-09-10",16166.69043
"2014-09-11",16146.879883
"2014-09-12",16164.769531
"2014-09-15",16122.620117
"2014-09-16",16039.089844
"2014-09-17",16153.05957
"2014-09-18",16249.509766
"2014-09-19",16290.160156
"2014-09-22",16215.139648
"2014-09-23",15979.599609
"2014-09-24",15973.950195
"2014-09-25",15927.150391
"2014-09-26",15947.900391
"2014-09-29",15885.5
"2014-09-30",15994.959961
"2014-10-01",15820.089844
"2014-10-02",15567.209961
"2014-10-06",15757.110352
"2014-10-07",15550.429688
"2014-10-08",15377.219727
"2014-10-09",15201.889648
"2014-10-10",14988.919922
"2014-10-13",14946.919922
"2014-10-14",15055.75
"2014-10-15",14753.5
"2014-10-16",14733.19043
"2014-10-17",15177.830078
"2014-10-20",15065.19043
"2014-10-21",15422.860352
"2014-10-22",15583.370117
"2014-10-23",15693.790039
"2014-10-24",15624.80957
"2014-10-27",15468.410156
"2014-10-28",15637.230469
"2014-10-29",15764.929688
"2014-10-30",15855.089844
"2014-10-31",16134.25
"2014-11-03",16147.80957
"2014-11-04",16023.429688
"2014-11-05",16175.879883
"2014-11-06",16241.049805
"2014-11-07",16209.980469
"2014-11-10",16325.610352
"2014-11-11",16341.870117
"2014-11-12",16157.120117
"2014-11-13",16221.820313
"2014-11-14",16290.120117
"2014-11-17",16345.889648
"2014-11-18",16448.009766
"2014-11-19",16519.060547
"2014-11-20",16538.990234
"2014-11-21",16840.939453
"2014-11-24",16994.419922
"2014-11-25",17044.099609
"2014-11-26",17032.929688
"2014-11-27",17076.990234
"2014-11-28",16984.259766
"2014-12-01",17003.820313
"2014-12-02",17016.070313
"2014-12-03",17114.789063
"2014-12-04",16968.990234
"2014-12-05",17183.949219
"2014-12-08",17087.470703
"2014-12-09",16855.470703
"2014-12-10",16644.099609
"2014-12-11",16656.460938
"2014-12-12",16374.360352
"2014-12-15",16158.429688
"2014-12-16",16362.959961
"2014-12-17",16381.620117
"2014-12-18",16735.150391
"2014-12-19",16769.449219
"2014-12-22",16877.679688
"2014-12-23",17022.349609
"2014-12-29",17030.029297
"2014-12-30",16934.849609
"2015-01-02",16952.130859
"2015-01-05",16714.349609
"2015-01-06",16700
"2015-01-07",16841.359375
"2015-01-08",17214.490234
"2015-01-09",17163.480469
"2015-01-12",17244.900391
"2015-01-13",17411.060547
"2015-01-14",17264.560547
"2015-01-15",17570.080078
"2015-01-16",17675.419922
"2015-01-19",17874.119141
"2015-01-20",17953.810547
"2015-01-21",18021.980469
"2015-01-22",18294.339844
"2015-01-23",18653.679688
"2015-01-26",18877.279297
"2015-01-27",18603.039063
"2015-01-28",18719.910156
"2015-01-29",18653.550781
"2015-01-30",18594.140625
"2015-02-02",18689.949219
"2015-02-03",18800.830078
"2015-02-04",18921.689453
"2015-02-05",19104.880859
"2015-02-06",18991.589844
"2015-02-09",18726.169922
"2015-02-10",18908.089844
"2015-02-11",18866.759766
"2015-02-12",19213.310547
"2015-02-13",19288.160156
"2015-02-16",19282.960938
"2015-02-17",19256.269531
"2015-02-18",19499.419922
"2015-02-19",19649.75
"2015-02-20",19657.070313
"2015-02-23",19851.730469
"2015-02-24",19827.320313
"2015-02-25",19752.730469
"2015-02-26",19920.119141
"2015-02-27",20092.009766
"2015-03-02",20143.140625
"2015-03-03",19883.679688
"2015-03-04",19960.359375
"2015-03-05",20243.599609
"2015-03-06",20284.080078
"2015-03-09",20200.029297
"2015-03-10",20172.960938
"2015-03-11",20601.060547
"2015-03-12",20682.490234
"2015-03-13",20857.589844
"2015-03-16",21113.550781
"2015-03-17",20714.470703
"2015-03-18",20681.640625
"2015-03-19",20786.380859
"2015-03-20",20941.429688
"2015-03-23",20683.160156
"2015-03-24",20834.019531
"2015-03-25",20688.960938
"2015-03-26",20533.939453
"2015-03-27",20585.679688
"2015-03-30",20820.669922
"2015-03-31",20684.630859
"2015-04-01",20840.550781
"2015-04-02",20859.539063
"2015-04-07",21034.320313
"2015-04-08",21074.089844
"2015-04-09",21367.769531
"2015-04-10",21619.830078
"2015-04-13",21623.259766
"2015-04-14",21487.490234
"2015-04-15",21570.689453
"2015-04-16",21333.589844
"2015-04-17",20898.669922
"2015-04-20",21140.980469
"2015-04-21",21340.359375
"2015-04-22",21214.560547
"2015-04-23",21010.640625
"2015-04-24",21024.699219
"2015-04-27",21315.029297
"2015-04-28",20917.580078
"2015-04-29",20341.990234
"2015-04-30",20316.550781
"2015-05-04",20540.949219
"2015-05-05",20129.400391
"2015-05-06",20012.099609
"2015-05-07",20061.380859
"2015-05-08",20604.509766
"2015-05-11",20595.980469
"2015-05-12",20317.949219
"2015-05-13",20296.810547
"2015-05-14",20577.609375
"2015-05-15",20602.570313
"2015-05-18",20654.75
"2015-05-19",21035.359375
"2015-05-20",20983.150391
"2015-05-21",20968.949219
"2015-05-22",20915.810547
"2015-05-26",20713.130859
"2015-05-27",20973.320313
"2015-05-28",20832.640625
"2015-05-29",20449.599609
"2015-06-01",20625.259766
"2015-06-02",20481.869141
"2015-06-03",20438.179688
"2015-06-04",20278.630859
"2015-06-05",20005.519531
"2015-06-08",19782.310547
"2015-06-09",19749.119141
"2015-06-10",20060.759766
"2015-06-11",20243.449219
"2015-06-12",20010.189453
"2015-06-15",19627.759766
"2015-06-16",19723.470703
"2015-06-17",19520.130859
"2015-06-18",19522.580078
"2015-06-19",19573.160156
"2015-06-22",20027.699219
"2015-06-23",20304.519531
"2015-06-24",20234.169922
"2015-06-25",20295.349609
"2015-06-26",20350.210938
"2015-06-29",19806.990234
"2015-06-30",19622.470703
"2015-07-01",20033.019531
"2015-07-02",19880.480469
"2015-07-03",19874.490234
"2015-07-06",19673.560547
"2015-07-07",19415.300781
"2015-07-08",19398.380859
"2015-07-09",19812.609375
"2015-07-10",20238.859375
"2015-07-13",20584.099609
"2015-07-14",20579.029297
"2015-07-15",20654.029297
"2015-07-16",20971.5
"2015-07-17",20996.769531
"2015-07-20",21117.539063
"2015-07-21",20928.660156
"2015-07-22",20826.199219
"2015-07-23",20749.109375
"2015-07-24",20642.589844
"2015-07-27",20103.199219
"2015-07-28",20379.679688
"2015-07-29",20545.580078
"2015-07-30",20564.650391
"2015-07-31",20764.560547
"2015-08-03",21130.730469
"2015-08-04",21253.679688
"2015-08-05",21381.369141
"2015-08-06",21402.25
"2015-08-07",21114
"2015-08-10",21258.439453
"2015-08-11",20826.800781
"2015-08-12",20234.599609
"2015-08-13",20629.390625
"2015-08-14",20709.980469
"2015-08-17",20697.869141
"2015-08-18",20721.660156
"2015-08-19",20395.820313
"2015-08-20",19882.710938
"2015-08-21",19341.980469
"2015-08-24",18618.490234
"2015-08-25",19299.900391
"2015-08-26",19137.609375
"2015-08-27",19654.470703
"2015-08-28",19657.689453
"2015-08-31",19678.460938
"2015-09-01",19291.910156
"2015-09-02",19369.990234
"2015-09-03",19780.210938
"2015-09-04",19325.660156
"2015-09-07",19351.109375
"2015-09-08",19588.570313
"2015-09-09",19818.390625
"2015-09-10",19759.330078
"2015-09-11",19560
"2015-09-14",19446.960938
"2015-09-15",19552.880859
"2015-09-16",19742.820313
"2015-09-17",19749.830078
"2015-09-18",19512.230469
"2015-09-21",19640.349609
"2015-09-22",19097.689453
"2015-09-23",19185.699219
"2015-09-24",18817.650391
"2015-09-25",19300.580078
"2015-09-28",18975.5
"2015-09-29",18904.490234
"2015-09-30",19279.740234
"2015-10-01",19179.449219
"2015-10-02",19323.279297
"2015-10-05",19827.179688
"2015-10-06",19972.539063
"2015-10-07",19943.580078
"2015-10-08",20108.070313
"2015-10-09",20200.509766
"2015-10-12",20050.039063
"2015-10-13",19728.070313
"2015-10-14",19587.339844
"2015-10-15",19698.050781
"2015-10-16",19640.560547
"2015-10-19",19749.060547
"2015-10-20",19728.269531
"2015-10-21",19988.359375
"2015-10-22",20389.470703
"2015-10-23",20918.179688
"2015-10-26",20929.169922
"2015-10-27",20680.660156
"2015-10-28",20954.480469
"2015-10-29",21116.259766
"2015-10-30",21174.529297
"2015-11-02",21291.689453
"2015-11-03",21215.070313
"2015-11-04",21188.410156
"2015-11-05",21171.080078
"2015-11-06",21292.939453
"2015-11-09",20979.039063
"2015-11-10",21019.939453
"2015-11-11",20963.480469
"2015-11-12",20661.759766
"2015-11-13",20519.679688
"2015-11-16",20685.449219
"2015-11-17",21172.810547
"2015-11-18",21138.859375
"2015-11-19",21270.169922
"2015-11-20",21296.910156
"2015-11-23",21261.410156
"2015-11-24",20942.089844
"2015-11-25",21262.560547
"2015-11-26",21465.660156
"2015-11-27",21421.199219
"2015-11-30",21593.380859
"2015-12-01",21437.820313
"2015-12-02",21389.320313
"2015-12-03",20851.259766
"2015-12-04",20903.970703
"2015-12-07",21261.070313
"2015-12-08",20855.699219
"2015-12-09",20709.140625
"2015-12-10",20669.810547
"2015-12-11",20196.800781
"2015-12-14",19962.310547
"2015-12-15",20484.650391
"2015-12-16",20664.230469
"2015-12-17",20879.619141
"2015-12-18",20648.529297
"2015-12-21",20377.150391
"2015-12-22",20402.369141
"2015-12-23",20708.820313
"2015-12-25",NA
"2015-12-28",20590.050781
"2015-12-29",20939.939453
"2015-12-30",20774.619141
"2016-01-04",20256.140625
"2016-01-05",20228.060547
"2016-01-06",19989.880859
"2016-01-07",19537.390625
"2016-01-08",19321.929688
"2016-01-11",19219.429688
"2016-01-12",19627.759766
"2016-01-13",19587.689453
"2016-01-14",19296.480469
"2016-01-15",18789.759766
"2016-01-18",18662.689453
"2016-01-19",19029.230469
"2016-01-20",18322.990234
"2016-01-21",18611.730469
"2016-01-22",19216.730469
"2016-01-25",19280.099609
"2016-01-26",19369.689453
"2016-01-27",19318.640625
"2016-01-28",19017.419922
"2016-01-29",19478.039063
"2016-02-01",19473.439453
"2016-02-02",19084.990234
"2016-02-03",18833.279297
"2016-02-04",18855.220703
"2016-02-05",18685.740234
"2016-02-08",17848.630859
"2016-02-09",17744.619141
"2016-02-10",18106.640625
"2016-02-11",17594.679688
"2016-02-12",17924.029297
"2016-02-15",18517.199219
"2016-02-16",18431.070313
"2016-02-17",18959.800781
"2016-02-18",19124.189453
"2016-02-19",19009.380859
"2016-02-22",19326.019531
"2016-02-23",19055.830078
"2016-02-24",18610.640625
"2016-02-25",19022.820313
"2016-02-26",19201.490234
"2016-02-29",19422.029297
"2016-03-01",19815.580078
"2016-03-02",19668
"2016-03-03",19641.720703
"2016-03-04",19781.269531
"2016-03-07",19682.669922
"2016-03-08",19406.349609
"2016-03-09",19475.369141
"2016-03-10",19155.820313
"2016-03-11",19815.050781
"2016-03-14",20054.560547
"2016-03-15",19919.75
"2016-03-16",20103.789063
"2016-03-17",20036.330078
"2016-03-18",20099.429688
"2016-03-21",20109.970703
"2016-03-22",20187.970703
"2016-03-23",20256.869141
"2016-03-24",19982.769531
"2016-03-29",20121.679688
"2016-03-30",20495
"2016-03-31",20397.679688
"2016-04-01",20195.550781
"2016-04-04",20265.210938
"2016-04-05",19882.990234
"2016-04-06",20043.820313
"2016-04-07",19902.679688
"2016-04-08",20170.509766
"2016-04-11",20162.75
"2016-04-12",20163.099609
"2016-04-13",20533.789063
"2016-04-14",20441.880859
"2016-04-15",20334.460938
"2016-04-18",20400.859375
"2016-04-19",20669.529297
"2016-04-20",20649.589844
"2016-04-21",20481.300781
"2016-04-22",20382.380859
"2016-04-25",20351.410156
"2016-04-26",20379.789063
"2016-04-27",20459.720703
"2016-04-28",20418.380859
"2016-04-29",20100.710938
"2016-05-02",20269.849609
"2016-05-03",20046.189453
"2016-05-04",19921.210938
"2016-05-05",20057.980469
"2016-05-06",20042.419922
"2016-05-09",20039.529297
"2016-05-10",20228.449219
"2016-05-11",20224.730469
"2016-05-12",20047.160156
"2016-05-13",20152.259766
"2016-05-17",20064.140625
"2016-05-18",20117.390625
"2016-05-19",19984.849609
"2016-05-20",20268.5
"2016-05-23",20272.150391
"2016-05-24",20526.259766
"2016-05-25",20638.619141
"2016-05-26",20743.900391
"2016-05-27",20811.140625
"2016-05-30",20801.130859
"2016-05-31",20762.380859
"2016-06-01",20667.669922
"2016-06-02",20703.339844
"2016-06-03",20525.710938
"2016-06-06",20634.240234
"2016-06-07",20892.009766
"2016-06-08",20824.650391
"2016-06-09",20672.240234
"2016-06-10",20185.160156
"2016-06-13",19801.119141
"2016-06-14",19537.140625
"2016-06-15",19674.359375
"2016-06-16",19468.390625
"2016-06-17",19690.109375
"2016-06-20",20343.580078
"2016-06-21",20404.730469
"2016-06-22",20494.240234
"2016-06-23",20771.740234
"2016-06-24",19828.599609
"2016-06-27",18920.990234
"2016-06-28",19276.460938
"2016-06-29",19664.400391
"2016-06-30",19843.429688
"2016-07-01",20105.230469
"2016-07-04",19891.289063
"2016-07-05",19482.279297
"2016-07-06",19206.599609
"2016-07-07",19404.349609
"2016-07-08",19720.740234
"2016-07-11",20173.25
"2016-07-12",20320.449219
"2016-07-13",20376.599609
"2016-07-14",20562.029297
"2016-07-15",20554.119141
"2016-07-18",20629.019531
"2016-07-19",20727.240234
"2016-07-20",20874.400391
"2016-07-21",20783.900391
"2016-07-22",20809.929688
"2016-07-25",20878.949219
"2016-07-26",21008.539063
"2016-07-27",21217.660156
"2016-07-28",21088.490234
"2016-07-29",21164.439453
"2016-08-01",21173.980469
"2016-08-02",20882.199219
"2016-08-03",20814.740234
"2016-08-04",20951.060547
"2016-08-05",21212.890625
"2016-08-08",21282.410156
"2016-08-09",21576.410156
"2016-08-10",21630.179688
"2016-08-11",21838.179688
"2016-08-12",21837.609375
"2016-08-15",21850.109375
"2016-08-16",21677.550781
"2016-08-17",21469.980469
"2016-08-18",21687.640625
"2016-08-19",21581.990234
"2016-08-22",21515.740234
"2016-08-23",21697.609375
"2016-08-24",21653.289063
"2016-08-25",21480.320313
"2016-08-26",21560.140625
"2016-08-29",21518.140625
"2016-08-30",21599.800781
"2016-08-31",21396.960938
"2016-09-01",21452.800781
"2016-09-02",21733.310547
"2016-09-05",21772.289063
"2016-09-06",21775.480469
"2016-09-07",21787.619141
"2016-09-08",21674.710938
"2016-09-09",21315.419922
"2016-09-12",21164.699219
"2016-09-13",21060.769531
"2016-09-14",21077.25
"2016-09-15",21106.310547
"2016-09-16",21027.759766
"2016-09-19",21193.349609
"2016-09-20",21232.529297
"2016-09-21",21247.099609
"2016-09-22",21671.970703
"2016-09-23",21549.480469
"2016-09-26",21334.089844
"2016-09-27",21319.759766
"2016-09-28",21549.380859
"2016-09-29",21493.560547
"2016-09-30",21583.980469
"2016-10-04",21700.25
"2016-10-05",21570.169922
"2016-10-06",21559.080078
"2016-10-07",21275.369141
"2016-10-10",21474.679688
"2016-10-11",21316.289063
"2016-10-12",21247.900391
"2016-10-13",21087.710938
"2016-10-14",21320.939453
"2016-10-17",21235.460938
"2016-10-18",21448.429688
"2016-10-19",21552.849609
"2016-10-20",21400.380859
"2016-10-21",21341.390625
"2016-10-24",21423.539063
"2016-10-25",21270.759766
"2016-10-26",21222.119141
"2016-10-27",21237.039063
"2016-10-28",21162.009766
"2016-10-31",21146.230469
"2016-11-01",20892.699219
"2016-11-02",20705.330078
"2016-11-03",20648.269531
"2016-11-04",20428.980469
"2016-11-07",20677.210938
"2016-11-08",20616.119141
"2016-11-09",20664.589844
"2016-11-10",20476.789063
"2016-11-11",20381.259766
"2016-11-14",20367.5
"2016-11-15",20590.789063
"2016-11-16",20463.429688
"2016-11-17",20587.259766
"2016-11-18",20520.769531
"2016-11-21",20598.519531
"2016-11-22",20712.929688
"2016-11-23",20697.5
"2016-11-24",20780.220703
"2016-11-25",20911.800781
"2016-11-28",20805.060547
"2016-11-29",20863.560547
"2016-11-30",20876.519531
"2016-12-01",20643.380859
"2016-12-02",20529.359375
"2016-12-05",20688.210938
"2016-12-06",20892.539063
"2016-12-07",21202.400391
"2016-12-08",21443.050781
"2016-12-09",21662.210938
"2016-12-12",21600.939453
"2016-12-13",21769.539063
"2016-12-14",21634.029297
"2016-12-15",21696.990234
"2016-12-16",21816.240234
"2016-12-19",21889.009766
"2016-12-20",21954.220703
"2016-12-21",22066.150391
"2016-12-22",22048.519531
"2016-12-23",22088.740234
"2016-12-27",22141.369141
"2016-12-28",22154.859375
"2016-12-29",22146.980469
"2016-12-30",22188.939453
"2017-01-02",NA
"2017-01-03",22407.990234
"2017-01-04",22256.980469
"2017-01-05",22282.169922
"2017-01-06",22255.269531
"2017-01-09",22193.919922
"2017-01-10",22203.310547
"2017-01-11",22364.099609
"2017-01-12",22301.5
"2017-01-13",22498.890625
"2017-01-16",22528.75
"2017-01-17",22476.560547
"2017-01-18",22631.050781
"2017-01-19",22634.839844
"2017-01-20",22645.259766
"2017-01-23",22568.480469
"2017-01-24",22711.009766
"2017-01-25",22845.240234
"2017-01-26",22861.960938
"2017-01-27",22881.119141
"2017-01-30",22595.419922
"2017-01-31",22465.859375
"2017-02-01",22577.310547
"2017-02-02",22621.400391
"2017-02-03",22644.5
"2017-02-06",22365.859375
"2017-02-07",22571.199219
"2017-02-08",22709.310547
"2017-02-09",22856.310547
"2017-02-10",23032.199219
"2017-02-13",23250.380859
"2017-02-14",23285.689453
"2017-02-15",23319.109375
"2017-02-16",23297.519531
"2017-02-17",23300.050781
"2017-02-20",23453.990234
"2017-02-21",23636.390625
"2017-02-22",23612.890625
"2017-02-23",23593.259766
"2017-02-24",23345.109375
"2017-02-27",23362.630859
"2017-02-28",23365.519531
"2017-03-01",23603.910156
"2017-03-02",23580.300781
"2017-03-03",23437.25
"2017-03-06",23381.859375
"2017-03-07",23272.720703
"2017-03-08",23234.839844
"2017-03-09",23285.119141
"2017-03-10",23325.480469
"2017-03-13",23420.75
"2017-03-14",23427.380859
"2017-03-15",23519.539063
"2017-03-16",23663.570313
"2017-03-17",23690.099609
"2017-03-20",23613.230469
"2017-03-21",23377.289063
"2017-03-22",23172.160156
"2017-03-23",23433.669922
"2017-03-24",23542.839844
"2017-03-27",23357.480469
"2017-03-28",23579.509766
"2017-03-29",23655.580078
"2017-03-30",23795.25
"2017-03-31",23904.080078
"2017-04-03",23896.599609
"2017-04-04",23969.839844
"2017-04-05",24010.400391
"2017-04-06",24110.529297
"2017-04-07",24202.320313
"2017-04-10",24197.929688
"2017-04-11",24187.550781
"2017-04-12",24282.619141
"2017-04-13",24273.359375
"2017-04-18",24038.210938
"2017-04-19",23992.390625
"2017-04-20",24036.259766
"2017-04-21",23985.009766
"2017-04-24",24593.029297
"2017-04-25",24615.75
"2017-04-26",24639.689453
"2017-04-27",24669.599609
"2017-04-28",24615.789063
"2017-05-02",24822.789063
"2017-05-03",24738.380859
"2017-05-04",25027.939453
"2017-05-05",25163.009766
"2017-05-08",25101.369141
"2017-05-09",25187.580078
"2017-05-10",25132.240234
"2017-05-11",24907.390625
"2017-05-12",24946.800781
"2017-05-15",25053.609375
"2017-05-16",25102.490234
"2017-05-17",24685.710938
"2017-05-18",24646.869141
"2017-05-19",25025.630859
"2017-05-22",24968.470703
"2017-05-23",25018.089844
"2017-05-24",25080.759766
"2017-05-25",25112.050781
"2017-05-26",25208.330078
"2017-05-29",25282.300781
"2017-05-30",25229.320313
"2017-05-31",25128.460938
"2017-06-01",25464.060547
"2017-06-02",25695.740234
"2017-06-05",NA
"2017-06-06",25448.570313
"2017-06-07",25247.089844
"2017-06-08",25158.640625
"2017-06-09",25410.570313
"2017-06-12",25147.919922
"2017-06-13",25287.240234
"2017-06-14",25305.019531
"2017-06-15",25017.939453
"2017-06-16",25229.429688
"2017-06-19",25531.890625
"2017-06-20",25379.009766
"2017-06-21",25350.869141
"2017-06-22",25282.939453
"2017-06-23",25211.550781
"2017-06-26",25262.960938
"2017-06-27",24898.289063
"2017-06-28",24824.960938
"2017-06-29",24431.269531
"2017-06-30",24452.300781
"2017-07-03",24702.710938
"2017-07-04",24633.839844
"2017-07-05",24750.189453
"2017-07-06",24557.080078
"2017-07-07",24573.279297
"2017-07-10",24750.509766
"2017-07-11",24705.080078
"2017-07-12",24949.900391
"2017-07-13",25078.550781
"2017-07-14",25162.380859
"2017-07-17",25136.220703
"2017-07-18",24875.759766
"2017-07-19",25014.080078
"2017-07-20",24856.880859
"2017-07-21",24556.070313
"2017-07-24",24525.939453
"2017-07-25",24623.830078
"2017-07-26",24927.550781
"2017-07-27",24860.660156
"2017-07-28",24689.169922
"2017-07-31",24554.830078
"2017-08-01",24806.150391
"2017-08-02",24798.990234
"2017-08-03",24778.339844
"2017-08-04",25104.039063
"2017-08-07",25118.910156
"2017-08-08",25152.410156
"2017-08-09",24883.859375
"2017-08-10",24623.199219
"2017-08-11",24491.330078
"2017-08-14",24792.830078
"2017-08-15",24791.669922
"2017-08-16",24965.189453
"2017-08-17",24899.779297
"2017-08-18",24827.650391
"2017-08-21",24701.490234
"2017-08-22",24945.539063
"2017-08-23",24918.869141
"2017-08-24",24741.75
"2017-08-25",24762.630859
"2017-08-28",24642.5
"2017-08-29",24324.269531
"2017-08-30",24532.369141
"2017-08-31",24674.109375
"2017-09-01",24826.980469
"2017-09-04",NA
"2017-09-05",24699.970703
"2017-09-06",24694.619141
"2017-09-07",24811.029297
"2017-09-08",24904.480469
"2017-09-11",25230.259766
"2017-09-12",25310.570313
"2017-09-13",25243.509766
"2017-09-14",25283.029297
"2017-09-15",25264.169922
"2017-09-18",25400.800781
"2017-09-19",25412.390625
"2017-09-20",25461.240234
"2017-09-21",25582.589844
"2017-09-22",25619.060547
"2017-09-25",25633.619141
"2017-09-26",25681.380859
"2017-09-27",25716.039063
"2017-09-28",25817.640625
"2017-09-29",25994.310547
"2017-10-02",26084.789063
"2017-10-03",NA
"2017-10-04",26164.890625
"2017-10-05",26105.660156
"2017-10-06",25981.359375
"2017-10-09",25822.119141
"2017-10-10",25819.169922
"2017-10-11",25934.939453
"2017-10-12",26059.460938
"2017-10-13",26081.630859
"2017-10-16",26142.970703
"2017-10-17",26217.830078
"2017-10-18",26310.699219
"2017-10-19",26020.390625
"2017-10-20",26053.330078
"2017-10-23",26049.810547
"2017-10-24",26137.449219
"2017-10-25",26009.990234
"2017-10-26",26512.970703
"2017-10-27",26710
"2017-10-30",26651.519531
"2017-10-31",NA
"2017-11-01",26860.480469
"2017-11-02",26830.890625
"2017-11-03",26961.970703
"2017-11-06",26931.150391
"2017-11-07",26929.070313
"2017-11-08",26933.220703
"2017-11-09",26590.529297
"2017-11-10",26494.779297
"2017-11-13",26281.960938
"2017-11-14",26358.849609
"2017-11-15",26161.189453
"2017-11-16",26463.289063
"2017-11-17",26440.919922
"2017-11-20",26567.650391
"2017-11-21",26822.449219
"2017-11-22",26615.160156
"2017-11-23",26683.929688
"2017-11-24",26703.429688
"2017-11-27",26632.990234
"2017-11-28",26789.130859
"2017-11-29",26917.359375
"2017-11-30",27026.849609
"2017-12-01",26703.939453
"2017-12-04",26935.539063
"2017-12-05",26979.070313
"2017-12-06",26378.279297
"2017-12-07",26132.910156
"2017-12-08",26178.449219
"2017-12-11",26114.400391
"2017-12-12",26283.470703
"2017-12-13",26182.939453
"2017-12-14",26071.019531
"2017-12-15",26043.160156
"2017-12-18",26444.269531
"2017-12-19",26366.75
"2017-12-20",26164.580078
"2017-12-21",26193.740234
"2017-12-22",26144.240234
"2017-12-27",26298.310547
"2017-12-28",26212.199219
"2017-12-29",26200.769531
"2018-01-02",26120.210938
"2018-01-03",26392.900391
"2018-01-04",26748.830078
"2018-01-05",27018.380859
"2018-01-08",27014.630859
"2018-01-09",27125.609375
"2018-01-10",26952.179688
"2018-01-11",26856.179688
"2018-01-12",26932.429688
"2018-01-15",26802.75
"2018-01-16",27016.189453
"2018-01-17",27048.199219
"2018-01-18",27208.789063
"2018-01-19",27455.240234
"2018-01-22",27413.150391
"2018-01-23",27396.25
"2018-01-24",27151.710938
"2018-01-25",26865.320313
"2018-01-26",27025.939453
"2018-01-29",26964.880859
"2018-01-30",26706.179688
"2018-01-31",26824.669922
"2018-02-01",26583.279297
"2018-02-02",26039.599609
"2018-02-05",25714.490234
"2018-02-06",25238.789063
"2018-02-07",25884.289063
"2018-02-08",25234.460938
"2018-02-09",25030.740234
"2018-02-12",25211.380859
"2018-02-13",25079.259766
"2018-02-14",25424.480469
"2018-02-15",25844.900391
"2018-02-16",26189.509766
"2018-02-19",26053.599609
"2018-02-20",26299.369141
"2018-02-21",26272.289063
"2018-02-22",26308.230469
"2018-02-23",26335.039063
"2018-02-26",26396.019531
"2018-02-27",26333.939453
"2018-02-28",26275.039063
"2018-03-01",25791.609375
"2018-03-02",25224.570313
"2018-03-05",25586.289063
"2018-03-06",25735.109375
"2018-03-07",25834.990234
"2018-03-08",26049.050781
"2018-03-09",26124.890625
"2018-03-12",26123.75
"2018-03-13",25866.880859
"2018-03-14",25682.599609
"2018-03-15",25823.490234
"2018-03-16",25626.990234
"2018-03-19",25577.929688
"2018-03-20",25831.189453
"2018-03-21",25786.179688
"2018-03-22",25383.099609
"2018-03-23",25203.759766
"2018-03-26",25134.710938
"2018-03-27",25489.570313
"2018-03-28",25349.369141
"2018-03-29",25591.519531
"2018-04-03",25337.990234
"2018-04-04",25133.050781
"2018-04-05",25679.259766
"2018-04-06",25646.490234
"2018-04-09",25698.849609
"2018-04-10",25815.800781
"2018-04-11",25611.039063
"2018-04-12",25644.869141
"2018-04-13",25630.179688
"2018-04-16",25538.269531
"2018-04-17",25895.529297
"2018-04-18",26041.599609
"2018-04-19",26020.669922
"2018-04-20",25983.349609
"2018-04-23",26051.480469
"2018-04-24",26007.609375
"2018-04-25",25537.509766
"2018-04-26",25787.320313
"2018-04-27",25859.490234
"2018-04-30",25967.060547
"2018-05-02",26313.800781
"2018-05-03",26233.580078
"2018-05-04",26379.849609
"2018-05-07",26684.230469
"2018-05-08",26789.210938
"2018-05-09",26681.619141
"2018-05-10",26742.400391
"2018-05-11",26699.859375
"2018-05-14",26644.5
"2018-05-15",26570.330078
"2018-05-16",26616.640625
"2018-05-17",26825.599609
"2018-05-18",26834.650391
"2018-05-21",NA
"2018-05-22",26988.980469
"2018-05-23",26699.099609
"2018-05-24",26547.490234
"2018-05-25",26713.199219
"2018-05-28",26624.189453
"2018-05-29",26279.900391
"2018-05-30",26355.689453
"2018-05-31",26326.970703
"2018-06-01",26528.109375
"2018-06-04",26641.130859
"2018-06-05",26688.980469
"2018-06-06",26807.779297
"2018-06-07",26698.660156
"2018-06-08",26662.349609
"2018-06-11",26711.939453
"2018-06-12",26779.730469
"2018-06-13",26848.839844
"2018-06-14",27170.720703
"2018-06-15",26951.130859
"2018-06-18",26746
"2018-06-19",26446.550781
"2018-06-20",26531.660156
"2018-06-21",26257.359375
"2018-06-22",26401.330078
"2018-06-25",25847.599609
"2018-06-26",25805.099609
"2018-06-27",25965.550781
"2018-06-28",25582.359375
"2018-06-29",25854.380859
"2018-07-02",25661.679688
"2018-07-03",25877.199219
"2018-07-04",25664.070313
"2018-07-05",25811.75
"2018-07-06",25957.679688
"2018-07-09",26100.160156
"2018-07-10",26368.679688
"2018-07-11",26139.75
"2018-07-12",26317.150391
"2018-07-13",26413.570313
"2018-07-16",26481.630859
"2018-07-17",26681.470703
"2018-07-18",26893.230469
"2018-07-19",26731.810547
"2018-07-20",26573.199219
"2018-07-23",26526.919922
"2018-07-24",26734.339844
"2018-07-25",26687.460938
"2018-07-26",26942.929688
"2018-07-27",26975.279297
"2018-07-30",26885.699219
"2018-07-31",26907.380859
"2018-08-01",26897.359375
"2018-08-02",26734.160156
"2018-08-03",26877.789063
"2018-08-06",26892.320313
"2018-08-07",26789.109375
"2018-08-08",26793.830078
"2018-08-09",26984.330078
"2018-08-10",26671.699219
"2018-08-13",26699.980469
"2018-08-14",26591.810547
"2018-08-15",26200.939453
"2018-08-16",26430.240234
"2018-08-17",26377.369141
"2018-08-20",26502.640625
"2018-08-21",26633.619141
"2018-08-22",26682.990234
"2018-08-23",26779.509766
"2018-08-24",26832.759766
"2018-08-27",27102.619141
"2018-08-28",27207.789063
"2018-08-29",27285.539063
"2018-08-30",27185.339844
"2018-08-31",26901.410156
"2018-09-03",26820.509766
"2018-09-04",26551.310547
"2018-09-05",26252.839844
"2018-09-06",26130.539063
"2018-09-07",26180.710938
"2018-09-10",26339.550781
"2018-09-11",26347.609375
"2018-09-12",26418.349609
"2018-09-13",26259.619141
"2018-09-14",26337.080078
"2018-09-17",26279.980469
"2018-09-18",26249.169922
"2018-09-19",26248.939453
"2018-09-20",26325.509766
"2018-09-21",26344.150391
"2018-09-24",26106.25
"2018-09-25",26095.220703
"2018-09-26",26179.089844
"2018-09-27",26148.289063
"2018-09-28",25997.859375
"2018-10-01",26176.939453
"2018-10-02",25956.929688
"2018-10-04",25629.099609
"2018-10-05",25276.320313
"2018-10-08",24862.359375
"2018-10-09",24785.269531
"2018-10-10",24133.439453
"2018-10-11",23787.230469
"2018-10-12",23870.990234
"2018-10-15",23749.939453
"2018-10-16",24443.519531
"2018-10-17",24413.660156
"2018-10-18",24354.050781
"2018-10-19",24148.599609
"2018-10-22",24038.279297
"2018-10-23",23410.660156
"2018-10-24",23278.150391
"2018-10-25",23664.560547
"2018-10-26",23478.220703
"2018-10-29",23713.400391
"2018-10-30",23687.429688
"2018-10-31",24180.160156
"2018-11-01",24337.619141
"2018-11-02",24473.929688
"2018-11-05",24250.560547
"2018-11-06",24203.289063
"2018-11-07",24421.25
"2018-11-08",24334.470703
"2018-11-09",24178.740234
"2018-11-12",23842.769531
"2018-11-13",24096.939453
"2018-11-14",24034.349609
"2018-11-15",23757.699219
"2018-11-16",23700.890625
"2018-11-19",23407.689453
"2018-11-20",23003.769531
"2018-11-21",23304.689453
"2018-11-22",23093.080078
"2018-11-23",23210.660156
"2018-11-26",23457.210938
"2018-11-27",23402.169922
"2018-11-28",23417.519531
"2018-11-29",23633.890625
"2018-11-30",23453.529297
"2018-12-03",23768.289063
"2018-12-04",23392.140625
"2018-12-05",23175.699219
"2018-12-06",22447.75
"2018-12-07",22535.449219
"2018-12-10",22072.210938
"2018-12-11",22220.880859
"2018-12-12",22622.150391
"2018-12-13",22480.769531
"2018-12-14",22281.449219
"2018-12-17",21915.279297
"2018-12-18",21927.199219
"2018-12-19",21980.509766
"2018-12-20",21523.650391
"2018-12-21",21605.169922
"2018-12-27",21301.259766
"2018-12-28",21588.089844
"2019-01-02",21700.039063
"2019-01-03",21398.349609
"2019-01-04",22038.060547
"2019-01-07",22173.730469
"2019-01-08",22487.679688
"2019-01-09",22778.359375
"2019-01-10",22709.519531
"2019-01-11",22669.269531
"2019-01-14",22572.400391
"2019-01-15",22637.990234
"2019-01-16",22780.089844
"2019-01-17",22735.419922
"2019-01-18",23175.109375
"2019-01-21",23351.970703
"2019-01-22",23322.640625
"2019-01-23",23418.570313
"2019-01-24",23573.359375
"2019-01-25",23822.919922
"2019-01-28",23584.429688
"2019-01-29",23689.330078
"2019-01-30",23842.519531
"2019-01-31",23674.519531
"2019-02-01",23746.710938
"2019-02-04",23791.109375
"2019-02-05",24102.460938
"2019-02-06",24115.050781
"2019-02-07",23489.619141
"2019-02-08",23205.779297
"2019-02-11",23476.460938
"2019-02-12",23701.330078
"2019-02-13",23846.800781
"2019-02-14",23929.419922
"2019-02-15",24324.400391
"2019-02-18",24463.480469
"2019-02-19",24375.669922
"2019-02-20",24401.039063
"2019-02-21",24301.560547
"2019-02-22",24362.509766
"2019-02-25",24359.419922
"2019-02-26",24377.460938
"2019-02-27",24251.019531
"2019-02-28",24385.720703
"2019-03-01",24657.689453
"2019-03-04",24727.849609
"2019-03-05",24724.410156
"2019-03-06",24691.470703
"2019-03-07",24440.480469
"2019-03-08",24300.160156
"2019-03-11",24561.220703
"2019-03-12",24651.109375
"2019-03-13",24857.449219
"2019-03-14",25024.490234
"2019-03-15",25150.779297
"2019-03-18",25220.230469
"2019-03-19",25395.509766
"2019-03-20",25080.929688
"2019-03-21",25121.199219
"2019-03-22",24711.109375
"2019-03-25",24618.070313
"2019-03-26",24829.839844
"2019-03-27",24713.480469
"2019-03-28",24550.75
"2019-03-29",24722.019531
"2019-04-01",25064.449219
"2019-04-02",25155.470703
"2019-04-03",25561.800781
"2019-04-04",25473.25
"2019-04-05",25544.720703
"2019-04-08",25438.369141
"2019-04-09",25156.640625
"2019-04-10",25165.839844
"2019-04-11",25250.519531
"2019-04-12",25461.689453
"2019-04-15",25582.789063
"2019-04-16",25774.369141
"2019-04-17",25796.820313
"2019-04-18",25855.720703
"2019-04-23",26038.470703
"2019-04-24",26003.330078
"2019-04-25",25836
"2019-04-26",25911.710938
"2019-04-29",26074.230469
"2019-04-30",26044.369141
"2019-05-02",25881.580078
"2019-05-03",25960.810547
"2019-05-06",25659.910156
"2019-05-07",25458.859375
"2019-05-08",25644.039063
"2019-05-09",25224.039063
"2019-05-10",25488.529297
"2019-05-13",25037.179688
"2019-05-14",25417.160156
"2019-05-15",25560.599609
"2019-05-16",25982.580078
"2019-05-17",25791.990234
"2019-05-20",25482.140625
"2019-05-21",25574.509766
"2019-05-22",25582.460938
"2019-05-23",25118.929688
"2019-05-24",25160.119141
"2019-05-27",25234.060547
"2019-05-28",25184.910156
"2019-05-29",24751.480469
"2019-05-30",24921.849609
"2019-05-31",24776.519531
"2019-06-03",24891.080078
"2019-06-04",25041.630859
"2019-06-05",25190.669922
"2019-06-06",24967.919922
"2019-06-07",25082.960938
"2019-06-11",25436.550781
"2019-06-12",25438.210938
"2019-06-13",25467.599609
"2019-06-14",25258.699219
"2019-06-17",25305.609375
"2019-06-18",25606.130859
"2019-06-19",25504.339844
"2019-06-20",25612.199219
"2019-06-21",25500.859375
"2019-06-24",25469.980469
"2019-06-25",25444.990234
"2019-06-26",25294.769531
"2019-06-27",25341.179688
"2019-06-28",25619.570313
"2019-07-01",25775.269531
"2019-07-02",25706.810547
"2019-07-03",26013.410156
"2019-07-04",26063.369141
"2019-07-05",25930.130859
"2019-07-08",25887.470703
"2019-07-09",25823.359375
"2019-07-10",25821.189453
"2019-07-11",25757.960938
"2019-07-12",25813.630859
"2019-07-15",25993.589844
"2019-07-16",26059.730469
"2019-07-17",25929.509766
"2019-07-18",25736.980469
"2019-07-19",25845.119141
"2019-07-22",25855.699219
"2019-07-23",26154.580078
"2019-07-24",26290.720703
"2019-07-25",26099.140625
"2019-07-26",26224.310547
"2019-07-29",26256.240234
"2019-07-30",25806.900391
"2019-07-31",25935.279297
"2019-08-01",26191.480469
"2019-08-02",25626.160156
"2019-08-05",25038.140625
"2019-08-06",24943.789063
"2019-08-07",25125.859375
"2019-08-08",25592.369141
"2019-08-09",25354.019531
"2019-08-12",25249.75
"2019-08-13",25263.949219
"2019-08-14",24660.509766
"2019-08-15",24384.439453
"2019-08-16",24817.080078
"2019-08-19",25175.869141
"2019-08-20",24986.849609
"2019-08-21",25456.740234
"2019-08-22",25245.460938
"2019-08-23",25039.939453
"2019-08-26",24999.669922
"2019-08-27",25181.929688
"2019-08-28",25105.070313
"2019-08-29",25390.099609
"2019-08-30",25719.960938
"2019-09-02",25709.640625
"2019-09-03",25558.390625
"2019-09-04",25746.080078
"2019-09-05",25867.380859
"2019-09-06",26010.470703
"2019-09-09",26004.119141
"2019-09-10",25883.490234
"2019-09-11",26082.400391
"2019-09-12",26182.539063
"2019-09-13",26257.529297
"2019-09-16",25976.369141
"2019-09-17",25958.009766
"2019-09-18",25947.859375
"2019-09-19",26092.419922
"2019-09-20",25897.300781
"2019-09-23",25592.390625
"2019-09-24",25641.929688
"2019-09-25",25565.310547
"2019-09-26",25700.349609
"2019-09-27",25833.939453
"2019-09-30",25886.929688
"2019-10-01",25658.390625
"2019-10-02",25117.529297
"2019-10-04",25533.5
"2019-10-07",25615.960938
"2019-10-08",25175.419922
"2019-10-09",25295.900391
"2019-10-10",25319.289063
"2019-10-11",25627.560547
"2019-10-14",25638.470703
"2019-10-15",25917.990234
"2019-10-16",25950.490234
"2019-10-17",26103.869141
"2019-10-18",25999.859375
"2019-10-21",26224.830078
"2019-10-22",26245.779297
"2019-10-23",26177.570313
"2019-10-24",26299.380859
"2019-10-25",26240.570313
"2019-10-28",26359.289063
"2019-10-29",26299.740234
"2019-10-30",26392.560547
"2019-10-31",26249.300781
"2019-11-01",26547.339844
"2019-11-04",26913.330078
"2019-11-05",26872.810547
"2019-11-06",26962.519531
"2019-11-07",27132.429688
"2019-11-08",26980.300781
"2019-11-11",26968.830078
"2019-11-12",27012.689453
"2019-11-13",27085.369141
"2019-11-14",27080.75
"2019-11-15",27198.740234
"2019-11-18",27239.140625
"2019-11-19",27294.279297
"2019-11-20",27215.300781
"2019-11-21",27027.009766
"2019-11-22",27091.470703
"2019-11-25",27282.980469
"2019-11-26",27542.830078
"2019-11-27",27531.460938
"2019-11-28",27505.330078
"2019-11-29",27461.609375
"2019-12-02",27029.900391
"2019-12-03",26897.140625
"2019-12-04",27241.080078
"2019-12-05",27151.509766
"2019-12-06",27343.839844
"2019-12-09",27378.460938
"2019-12-10",27276.359375
"2019-12-11",27350.960938
"2019-12-12",27511.990234
"2019-12-13",27772.980469
"2019-12-16",28254.400391
"2019-12-17",28298.070313
"2019-12-18",28192.359375
"2019-12-19",28316.179688
"2019-12-20",28440.980469
"2019-12-23",28545.289063
"2019-12-27",28537.470703
"2019-12-30",28312.800781
"2020-01-02",28608.300781
"2020-01-03",28451.330078
"2020-01-06",28193.269531
"2020-01-07",28287.080078
"2020-01-08",28377.800781
"2020-01-09",28554.009766
"2020-01-10",28470.890625
"2020-01-13",28405.660156
"2020-01-14",28462.470703
"2020-01-15",28407.220703
"2020-01-16",28470.390625
"2020-01-17",28669.650391
"2020-01-20",28811.240234
"2020-01-21",28767.960938
"2020-01-22",28754.119141
"2020-01-23",28480.529297
"2020-01-24",28802.240234
"2020-01-27",28133.890625
"2020-01-28",28354.839844
"2020-01-29",28513.5
"2020-01-30",28186.140625
"2020-01-31",27984.320313
"2020-02-03",28046.050781
"2020-02-04",28441.900391
"2020-02-05",28780.269531
"2020-02-06",28908.75
"2020-02-07",28671.900391
"2020-02-10",28781.240234
"2020-02-11",29195.339844
"2020-02-12",29238.359375
"2020-02-13",29172.669922
"2020-02-14",29214.880859
"2020-02-17",29316.339844
"2020-02-18",29057.800781
"2020-02-19",29355.189453
"2020-02-20",29176.900391
"2020-02-21",28983.390625
"2020-02-24",27884.910156
"2020-02-25",27315.419922
"2020-02-26",27126.890625
"2020-02-27",26196.769531
"2020-02-28",25366.619141
"2020-03-02",25348.330078
"2020-03-03",25897.560547
"2020-03-04",26091.330078
"2020-03-05",25679.689453
"2020-03-06",24750.769531
"2020-03-09",23091.710938
"2020-03-10",22901.960938
"2020-03-11",22637.929688
"2020-03-12",20168.019531
"2020-03-13",20256.480469
"2020-03-16",19230.199219
"2020-03-17",18954.609375
"2020-03-18",17909.400391
"2020-03-19",18559.779297
"2020-03-20",19521.150391
"2020-03-23",18837.029297
"2020-03-24",20181.980469
"2020-03-25",20762.039063
"2020-03-26",21426.130859
"2020-03-27",20618.220703
"2020-03-30",20651.220703
"2020-03-31",21040.710938
"2020-04-01",20432.300781
"2020-04-02",20488.220703
"2020-04-03",20345.740234
"2020-04-06",21101.099609
"2020-04-07",21538.130859
"2020-04-08",21704.439453
"2020-04-09",22100.169922
"2020-04-14",22374.199219
"2020-04-15",21722.089844
"2020-04-16",21792.669922
"2020-04-17",22356.359375
"2020-04-20",22460.839844
"2020-04-21",21948.25
"2020-04-22",22274.839844
"2020-04-23",22506.810547
"2020-04-24",22240.689453
"2020-04-27",22584.220703
"2020-04-28",22817.070313
"2020-04-29",23406.050781
"2020-04-30",23043.699219
"2020-05-04",22431.369141
"2020-05-05",23117.730469
"2020-05-06",23082.779297
"2020-05-07",23742.939453
"2020-05-08",23965.210938
"2020-05-11",23865.820313
"2020-05-12",23819.970703
"2020-05-13",23546.439453
"2020-05-14",22994.509766
"2020-05-15",23270.679688
"2020-05-18",24087.720703
"2020-05-19",24198.380859
"2020-05-20",24478.880859
"2020-05-21",24406.910156
"2020-05-22",24590.009766
"2020-05-25",25085.859375
"2020-05-26",25446.599609
"2020-05-27",25152.029297
"2020-05-28",25633.679688
"2020-05-29",25396
"2020-06-02",26080.630859
"2020-06-03",26677.429688
"2020-06-04",26760.419922
"2020-06-05",27199.759766
"2020-06-08",26991.099609
"2020-06-09",26523.550781
"2020-06-10",26393.339844
"2020-06-11",25514.789063
"2020-06-12",25477.060547
"2020-06-15",25434.539063
"2020-06-16",26056.519531
"2020-06-17",26205.730469
"2020-06-18",26201.349609
"2020-06-19",26246
"2020-06-22",25973.960938
"2020-06-23",26168.830078
"2020-06-24",25523.980469
"2020-06-25",25879.25
"2020-06-26",25620.349609
"2020-06-29",25668.740234
"2020-06-30",25840.300781
"2020-07-01",26080.660156
"2020-07-02",26627.460938
"2020-07-03",26600.490234
"2020-07-06",27060.390625
"2020-07-07",26909.230469
"2020-07-08",26758.990234
"2020-07-09",26555.630859
"2020-07-10",26673.939453
"2020-07-13",26984.240234
"2020-07-14",26689.699219
"2020-07-15",27078.720703
"2020-07-16",27065.660156
"2020-07-17",26937.429688
"2020-07-20",27118.419922
"2020-07-21",27234.980469
"2020-07-22",27390.380859
"2020-07-23",27311.539063
"2020-07-24",26650.240234
"2020-07-27",26612.949219
"2020-07-28",26748.039063
"2020-07-29",26829.189453
"2020-07-30",26265.419922
"2020-07-31",26191.820313
"2020-08-03",26670.759766
"2020-08-04",26559.839844
"2020-08-05",26876.240234
"2020-08-06",26803.369141
"2020-08-07",27142.449219
"2020-08-10",27175.429688
"2020-08-11",27609.689453
"2020-08-12",27781.230469
"2020-08-13",27707.710938
"2020-08-14",27313.160156
"2020-08-17",27490.019531
"2020-08-18",27311.830078
"2020-08-19",27402.470703
"2020-08-20",27208.019531
"2020-08-21",27266.789063
"2020-08-24",27630.390625
"2020-08-25",27601.800781
"2020-08-26",27861.669922
"2020-08-27",27673.740234
"2020-08-28",27527.339844
"2020-08-31",27453.169922
"2020-09-01",27521.699219
"2020-09-02",27893.910156
"2020-09-03",27222.640625
"2020-09-04",26901.859375
"2020-09-07",27567.089844
"2020-09-08",27210.339844
"2020-09-09",27534.839844
"2020-09-10",27481.910156
"2020-09-11",27346.160156
"2020-09-14",27574.570313
"2020-09-15",27498.890625
"2020-09-16",27691.990234
"2020-09-17",27622.169922
"2020-09-18",27512.910156
"2020-09-21",26499.949219
"2020-09-22",26599.839844
"2020-09-23",26775.949219
"2020-09-24",26424.050781
"2020-09-25",26452.759766
"2020-09-28",26966.919922
"2020-09-29",26969.269531
"2020-09-30",27006.810547
"2020-10-01",27348.269531
"2020-10-02",27249.150391
"2020-10-05",27706.289063
"2020-10-06",27668
"2020-10-07",27617.710938
"2020-10-08",27835.109375
"2020-10-09",28003.130859
"2020-10-12",28158.279297
"2020-10-13",27876.039063
"2020-10-14",27888.650391
"2020-10-15",27462.630859
"2020-10-16",27765.199219
"2020-10-19",27815.349609
"2020-10-20",27692.890625
"2020-10-21",27165.349609
"2020-10-22",27189.169922
"2020-10-23",27279.589844
"2020-10-26",26703.580078
"2020-10-27",26604.779297
"2020-10-28",25884.130859
"2020-10-29",25801.820313
"2020-10-30",25721
"2020-11-02",26079.230469
"2020-11-03",26571.820313
"2020-11-04",27241.369141
"2020-11-05",27498.939453
"2020-11-06",27346.289063
"2020-11-09",27793.970703
"2020-11-10",27984.820313
"2020-11-11",28408.820313
"2020-11-12",28334.019531
"2020-11-13",28512.960938
"2020-11-16",28732.109375
"2020-11-17",28650.689453
"2020-11-18",28799.050781
"2020-11-19",28745.5
"2020-11-20",28998.470703
"2020-11-23",28998.580078
"2020-11-24",29029.419922
"2020-11-25",29029.480469
"2020-11-26",29146.109375
"2020-11-27",29374.630859
"2020-11-30",29301.460938
"2020-12-01",29352.269531
"2020-12-02",29242.439453
"2020-12-03",29287.179688
"2020-12-04",29517.75
"2020-12-07",29474.439453
"2020-12-08",29653.859375
"2020-12-09",29620.949219
"2020-12-10",29689.130859
"2020-12-11",29608.5
"2020-12-14",29727.589844
"2020-12-15",29743.890625
"2020-12-16",29974.130859
"2020-12-17",30205.169922
"2020-12-18",30405.619141
"2020-12-21",29866.470703
"2020-12-22",30233.410156
"2020-12-23",30413.789063
"2020-12-28",30655.689453
"2020-12-29",30912.390625
"2020-12-30",30796.259766
"2021-01-04",30950.599609
"2021-01-05",31059.880859
"2021-01-06",31121.009766
"2021-01-07",31224.279297
"2021-01-08",31356.650391
"2021-01-11",31102.199219
"2021-01-12",31188.349609
"2021-01-13",31308.300781
"2021-01-14",31572.080078
"2021-01-15",31035.919922
"2021-01-18",31206.480469
"2021-01-19",31290.460938
"2021-01-20",31577.890625
"2021-01-21",31748.970703
"2021-01-22",31635.509766
"2021-01-25",31391.839844
"2021-01-26",31562.349609
"2021-01-27",31341.519531
"2021-01-28",31461.960938
"2021-01-29",31086.779297
"2021-02-01",31441.300781
"2021-02-02",32037.679688
"2021-02-03",32193.650391
"2021-02-04",32361.060547
"2021-02-05",32401.039063
"2021-02-08",32474.070313
"2021-02-09",32256.890625
"2021-02-10",32132.820313
"2021-02-11",32546.560547
"2021-02-12",32595.230469
"2021-02-15",32905.800781
"2021-02-16",33042.328125
"2021-02-17",32637.160156
"2021-02-18",32227.050781
"2021-02-19",32384.740234
"2021-02-22",32024.080078
"2021-02-23",31643.839844
"2021-02-24",31758.669922
"2021-02-25",31640.859375
"2021-02-26",31270.859375
"2021-03-01",31900.949219
"2021-03-02",31762.210938
"2021-03-03",31561.869141
"2021-03-04",31309.210938
"2021-03-05",30716.509766
"2021-03-08",31310.929688
"2021-03-09",31623.800781
"2021-03-10",31571.279297
"2021-03-11",31937.029297
"2021-03-12",31779.279297
"2021-03-15",31813.589844
"2021-03-16",32098.289063
"2021-03-17",31867.400391
"2021-03-18",31972.960938
"2021-03-19",31622.550781
"2021-03-22",31848.330078
"2021-03-23",31750.080078
"2021-03-24",31511.150391
"2021-03-25",31321.599609
"2021-03-26",31594.839844
"2021-03-29",31460.5
"2021-03-30",31727.970703
"2021-03-31",31717.359375
"2021-04-01",32289.810547
"2021-04-06",32465.470703
"2021-04-07",32484.980469
"2021-04-08",32632.029297
"2021-04-09",32737.550781
"2021-04-12",32472.5
"2021-04-13",32666.140625
"2021-04-14",32709.109375
"2021-04-15",33007.269531
"2021-04-16",33263.210938
"2021-04-19",33098.460938
"2021-04-20",32540.150391
"2021-04-21",32545.759766
"2021-04-22",32872.949219
"2021-04-23",32772.460938
"2021-04-26",33038
"2021-04-27",33057.410156
"2021-04-28",32971.859375
"2021-04-29",32756.060547
"2021-04-30",32704.669922
"2021-05-03",32913.320313
"2021-05-04",32042.369141
"2021-05-05",32536.740234
"2021-05-06",32300.369141
"2021-05-07",32665.019531
"2021-05-10",32451.439453
"2021-05-11",31782.740234
"2021-05-12",31638.679688
"2021-05-13",31695.570313
"2021-05-14",32141.169922
"2021-05-17",32124.230469
"2021-05-18",32282.619141
"2021-05-19",31899.330078
"2021-05-20",32344.720703
"2021-05-21",32416.710938
"2021-05-25",32711.859375
"2021-05-26",32780.359375
"2021-05-27",33008.808594
"2021-05-28",33307.699219
"2021-05-31",33191.851563
"2021-06-01",33559.148438
"2021-06-02",33480.308594
"2021-06-03",33465.378906
"2021-06-04",33689.648438
"2021-06-07",33924.839844
"2021-06-08",33782.96875
"2021-06-09",33804.480469
"2021-06-10",33771.269531
"2021-06-11",34017.589844
"2021-06-14",34176.621094
"2021-06-15",34134.019531
"2021-06-16",34232.738281
"2021-06-17",34222.691406
"2021-06-18",34022.519531
"2021-06-21",34198.710938
"2021-06-22",34234.589844
"2021-06-23",33899.808594
"2021-06-24",34343.839844
"2021-06-25",34470.050781
"2021-06-28",34276.269531
"2021-06-29",34295.851563
"2021-06-30",34049.859375
"2021-07-01",34254.5
"2021-07-02",34462.96875
"2021-07-05",34534.421875
"2021-07-06",34544.160156
"2021-07-07",34799.171875
"2021-07-08",34352.339844
"2021-07-09",34777.589844
"2021-07-12",34957.21875
"2021-07-13",34920.601563
"2021-07-14",34775.511719
"2021-07-15",34533.421875
"2021-07-16",34450.210938
"2021-07-19",33875.238281
"2021-07-20",33950.898438
"2021-07-21",34503.480469
"2021-07-22",34843.96875
"2021-07-23",35163.21875
"2021-07-26",35088.550781
"2021-07-27",34931.25
"2021-07-28",35200.699219
"2021-07-29",35272.921875
"2021-07-30",35146.910156
"2021-08-02",35384.238281
"2021-08-03",35299.398438
"2021-08-04",35485.550781
"2021-08-05",35727.019531
"2021-08-06",35566.410156
"2021-08-09",35606.691406
"2021-08-10",35850.128906
"2021-08-11",35760.308594
"2021-08-12",35804.488281
"2021-08-13",35918.398438
"2021-08-16",35722.828125
"2021-08-17",35732.960938
"2021-08-18",36010.941406
"2021-08-19",35608.898438
"2021-08-20",35662.351563
"2021-08-23",35947.570313
"2021-08-24",36139.851563
"2021-08-25",36115.589844
"2021-08-26",35954.621094
"2021-08-27",36127.191406
"2021-08-30",36268.871094
"2021-08-31",35952.738281
"2021-09-01",36183.03125
"2021-09-02",36275.621094
"2021-09-03",36056.410156
"2021-09-06",36215.730469
"2021-09-07",36255.871094
"2021-09-08",35944.050781
"2021-09-09",36120.53125
"2021-09-10",36092.121094
"2021-09-13",35798.679688
"2021-09-14",35871.75
"2021-09-15",35449.101563
"2021-09-16",35557.878906
"2021-09-17",35292.988281
"2021-09-20",34799.589844
"2021-09-21",34985.210938
"2021-09-22",35206.429688
"2021-09-23",35483.488281
"2021-09-24",35282.539063
"2021-09-27",35274.140625
"2021-09-28",34502.308594
"2021-09-29",34520.53125
"2021-09-30",34369.691406
"2021-10-01",34154.148438
"2021-10-04",33830.171875
"2021-10-05",34022.910156
"2021-10-06",33293.191406
"2021-10-07",33506.199219
"2021-10-08",33410.339844
"2021-10-11",33536.71875
"2021-10-12",33624.671875
"2021-10-13",33757.261719
"2021-10-14",34169.460938
"2021-10-15",34358.410156
"2021-10-18",34389.648438
"2021-10-19",34590.359375
"2021-10-20",34540.480469
"2021-10-21",34717.359375
"2021-10-22",34824.988281
"2021-10-25",34849.019531
"2021-10-26",35106.300781
"2021-10-27",35011.039063
"2021-10-28",35012.140625
"2021-10-29",34851.101563
"2021-11-01",35117.269531
"2021-11-02",35164.078125
"2021-11-03",35549.671875
"2021-11-04",35881.871094
"2021-11-05",35823.441406
"2021-11-08",36123.21875
"2021-11-09",36098.25
"2021-11-10",35991.179688
"2021-11-11",35956.308594
"2021-11-12",35869.050781
"2021-11-15",36111.300781
"2021-11-16",36200.328125
"2021-11-17",36110.171875
"2021-11-18",35967.628906
"2021-11-19",35912.820313
"2021-11-22",35663.28125
"2021-11-23",35053.339844
"2021-11-24",34826.429688
"2021-11-25",35012.011719
"2021-11-26",33849.949219
"2021-11-29",34052.039063
"2021-11-30",33890.75
"2021-12-01",34329.53125
"2021-12-02",33774.429688
"2021-12-03",33711.121094
"2021-12-06",33996.851563
"2021-12-07",34839.421875
"2021-12-08",34704.378906
"2021-12-09",34595.480469
"2021-12-10",34397.140625
"2021-12-13",34466.949219
"2021-12-14",34190.929688
"2021-12-15",34333.089844
"2021-12-16",34472.941406
"2021-12-17",34460.769531
"2021-12-20",34012.601563
"2021-12-21",34347.039063
"2021-12-22",34622.25
"2021-12-23",34834.050781
"2021-12-27",35062.640625
"2021-12-28",35301.019531
"2021-12-29",35147.601563
"2021-12-30",35123.25
"2022-01-03",35488.230469
"2022-01-04",35526.210938
"2022-01-05",35631.109375
"2022-01-06",35168.320313
"2022-01-07",34975.839844
"2022-01-10",34438.519531
"2022-01-11",34649.070313
"2022-01-12",34885.328125
"2022-01-13",34793.21875
"2022-01-14",34518.609375
"2022-01-17",34587.289063
"2022-01-18",34155.359375
"2022-01-19",34134.390625
"2022-01-20",34340.371094
"2022-01-21",33642.359375
"2022-01-24",32239.830078
"2022-01-25",32424.550781
"2022-01-26",33134.039063
"2022-01-27",33226.589844
"2022-01-28",33074.808594
"2022-01-31",33321.730469
"2022-02-01",33735.988281
"2022-02-02",34037.441406
"2022-02-03",33643.128906
"2022-02-04",33080.558594
"2022-02-07",33125.371094
"2022-02-08",33257.710938
"2022-02-09",33780.679688
"2022-02-10",33527.378906
"2022-02-11",33403.539063
"2022-02-14",32733.509766
"2022-02-15",33465.75
"2022-02-16",33532.539063
"2022-02-17",33389.03125
"2022-02-18",32972.660156
"2022-02-21",32331.240234
"2022-02-22",32191.640625
"2022-02-23",31887.109375
"2022-02-24",30663.580078
"2022-02-25",31800.310547
"2022-02-28",31873.349609
"2022-03-01",30984.630859
"2022-03-02",31100.359375
"2022-03-03",30332.880859
"2022-03-04",28858.529297
"2022-03-07",28342.730469
"2022-03-08",28170.960938
"2022-03-09",30043.970703
"2022-03-10",29465.890625
"2022-03-11",29960.189453
"2022-03-14",30526.310547
"2022-03-15",30354.019531
"2022-03-16",31368.050781
"2022-03-17",31472.570313
"2022-03-18",31605.710938
"2022-03-21",31681.669922
"2022-03-22",31914.539063
"2022-03-23",31541.849609
"2022-03-24",31346.830078
"2022-03-25",31171.509766
"2022-03-28",31236.339844
"2022-03-29",31862.160156
"2022-03-30",31519.150391
"2022-03-31",31011.710938
"2022-04-01",31192.630859
"2022-04-04",31544.580078
"2022-04-05",31553.880859
"2022-04-06",30619.220703
"2022-04-07",30394.560547
"2022-04-08",30830.640625
"2022-04-11",30571.679688
"2022-04-12",30405.109375
"2022-04-13",30405.740234
"2022-04-14",30669.349609
"2022-04-19",30724.080078
"2022-04-20",31103.300781
"2022-04-21",31443.359375
"2022-04-22",30800.160156
"2022-04-25",30241.210938
"2022-04-26",29726.890625
"2022-04-27",29816.320313
"2022-04-28",30077.240234
"2022-04-29",30093.060547
"2022-05-02",29521.410156
"2022-05-03",29932.769531
"2022-05-04",29696.369141
"2022-05-05",29374.369141
"2022-05-06",28765.550781
"2022-05-09",27815.439453
"2022-05-10",28026.960938
"2022-05-11",28613.419922
"2022-05-12",28180.300781
"2022-05-13",28820.820313
"2022-05-16",28931.900391
"2022-05-17",29370.5
"2022-05-18",29101.480469
"2022-05-19",29034.109375
"2022-05-20",29199.949219
"2022-05-23",29452.519531
"2022-05-24",28894.330078
"2022-05-25",29108.439453
"2022-05-26",29430.269531
"2022-05-27",29749.550781
"2022-05-30",30188.019531
"2022-05-31",29913.5
"2022-06-01",29750.330078
"2022-06-02",30234.240234
"2022-06-03",30224.179688
"2022-06-06",30542.380859
"2022-06-07",30391.580078
"2022-06-08",30178.640625
"2022-06-09",29649.890625
"2022-06-10",28768.980469
"2022-06-13",27742.349609
"2022-06-14",27340.960938
"2022-06-15",27784.269531
"2022-06-16",26735.769531
"2022-06-17",27061.740234
"2022-06-20",27483.210938
"2022-06-21",27512.539063
"2022-06-22",27246.160156
"2022-06-23",26499.679688
"2022-06-24",26952.039063
"2022-06-27",27153.439453
"2022-06-28",27119.150391
"2022-06-29",26380.849609
"2022-06-30",25823.449219
"2022-07-01",25837.25
"2022-07-04",25505.480469
"2022-07-05",24635
"2022-07-06",24979.410156
"2022-07-07",25861.25
"2022-07-08",26300.660156
"2022-07-11",25695.529297
"2022-07-12",25755.179688
"2022-07-13",25503.279297
"2022-07-14",25005.509766
"2022-07-15",25557.640625
"2022-07-18",25921.230469
"2022-07-19",26515.529297
"2022-07-20",26696.419922
"2022-07-21",26656.25
"2022-07-22",26776.390625
"2022-07-25",26632.660156
"2022-07-26",26063.029297
"2022-07-27",26491.910156
"2022-07-28",26824.509766
"2022-07-29",27364.570313
"2022-08-01",27427.929688
"2022-08-02",27380.109375
"2022-08-03",27806.119141
"2022-08-04",28162.230469
"2022-08-05",27772.580078
"2022-08-08",27851.669922
"2022-08-09",27270.820313
"2022-08-10",27818.279297
"2022-08-11",27896.160156
"2022-08-12",27907.480469
"2022-08-15",27908.140625
"2022-08-16",28108.380859
"2022-08-17",27543.160156
"2022-08-18",27529.910156
"2022-08-19",26984.970703
"2022-08-22",26009.689453
"2022-08-23",25964.560547
"2022-08-24",26057.509766
"2022-08-25",26070.640625
"2022-08-26",25523.689453
"2022-08-29",25470.5
"2022-08-30",25393.830078
"2022-08-31",25219.130859
"2022-09-01",24415.910156
"2022-09-02",25162.050781
"2022-09-05",24669.289063
"2022-09-06",24885.300781
"2022-09-07",24996.300781
"2022-09-08",25126.080078
"2022-09-09",25700.939453
"2022-09-12",26186.800781
"2022-09-13",25317.439453
"2022-09-14",24798.199219
"2022-09-15",24455.089844
"2022-09-16",23944.009766
"2022-09-19",23970.330078
"2022-09-20",23759.509766
"2022-09-21",23908
"2022-09-22",23267.310547
"2022-09-23",22541.580078
"2022-09-26",22450.369141
"2022-09-27",22342.599609
"2022-09-28",22326.580078
"2022-09-29",21791.029297
"2022-09-30",22370.019531
"2022-10-03",22670.640625
"2022-10-04",23498.800781
"2022-10-05",22982.699219
"2022-10-06",23020.740234
"2022-10-07",22530.960938
"2022-10-10",22476.259766
"2022-10-11",22192.300781
"2022-10-12",21894.400391
"2022-10-13",22225.910156
"2022-10-14",22332.630859
"2022-10-17",22983.029297
"2022-10-18",23248.900391
"2022-10-19",22984.769531
"2022-10-20",23273.029297
"2022-10-21",22918.009766
"2022-10-24",23241.830078
"2022-10-25",23807.169922
"2022-10-26",24211.779297
"2022-10-27",23940.859375
"2022-10-28",23651.169922
"2022-10-31",23678.050781
"2022-11-01",24019.050781
"2022-11-02",23751.119141
"2022-11-03",23247.650391
"2022-11-04",23811.570313
"2022-11-07",24084.259766
"2022-11-08",24479.599609
"2022-11-09",24279.490234
"2022-11-10",25270.810547
"2022-11-11",25975
"2022-11-14",26304.830078
"2022-11-15",26181.160156
"2022-11-16",25610.929688
"2022-11-17",25509.560547
"2022-11-18",25746.019531
"2022-11-21",25547.449219
"2022-11-22",25619.359375
"2022-11-23",25635.910156
"2022-11-24",26054.929688
"2022-11-25",25971.449219
"2022-11-28",25600.970703
"2022-11-29",25356.560547
"2022-11-30",25593.230469
"2022-12-01",25954.710938
"2022-12-02",26183.849609
"2022-12-05",25903.449219
"2022-12-06",25627.990234
"2022-12-07",25263.080078
"2022-12-08",25464.650391
"2022-12-09",25604.179688
"2022-12-12",25487.050781
"2022-12-13",26018.289063
"2022-12-14",25874.839844
"2022-12-15",25288.269531
"2022-12-16",24963
"2022-12-19",25023.990234
"2022-12-20",24962.5
"2022-12-21",25486.650391
"2022-12-22",25105.449219
"2022-12-23",25248.109375
"2022-12-27",25285.550781
"2022-12-28",25200.859375
"2022-12-29",25437.320313
"2022-12-30",25117.570313
"2023-01-02",25475.529297
"2023-01-03",25917.570313
"2023-01-04",26447.849609
"2023-01-05",26672.140625
"2023-01-06",26970.099609
"2023-01-09",27560.890625
"2023-01-10",27383.669922
"2023-01-11",27777.539063
"2023-01-12",28076.349609
"2023-01-13",28254.050781
"2023-01-16",28456.640625
"2023-01-17",28635.939453
"2023-01-18",28819.289063
"2023-01-19",28100.070313
"2023-01-20",28476.560547
"2023-01-23",28692.689453
"2023-01-24",28567
"2023-01-25",28429.449219
"2023-01-26",28790.400391
"2023-01-27",29075.859375
"2023-01-30",28869.140625
"2023-01-31",28813.25
"2023-02-01",28849.880859
"2023-02-02",29808.919922
"2023-02-03",29778.589844
"2023-02-06",29321.710938
"2023-02-07",29179.029297
"2023-02-08",29218.640625
"2023-02-09",29036.390625
"2023-02-10",28394.759766
"2023-02-13",28509.099609
"2023-02-14",28331.359375
"2023-02-15",28651.029297
"2023-02-16",29027.849609
"2023-02-17",28857.810547
"2023-02-20",28804.220703
"2023-02-21",28710.279297
"2023-02-22",28456.310547
"2023-02-23",28706.490234
"2023-02-24",28424.810547
"2023-02-27",28678.929688
"2023-02-28",28648.130859
"2023-03-01",28579.269531
"2023-03-02",28447.230469
"2023-03-03",28918.650391
"2023-03-06",29172.980469
